fonds,boite,annee,cotation,date,date_ISO,foliation,dimensions(mm),remarques,material,tipo_documento,genre,page_inventaire,description_inventaire,noms_inventaire,noms,lieux,dechirures(0-3),froissures(0-3),lacunes(0-3),plis(0-3),perte_de_matiere(0-3),perte_de_souplesse(0-1),poussiere(0-3),eclaircissement(0-3),taches(0-3),degradation_due_a_encre(0-3),humidite(0-3),moissisure(0-3),traces_insecte(0-3),risque(1-5),action,cartella_foto,possibile_trascrizione
Ms4300,40,1657-1658,Ms4300/40/1,1657 3 janvr,1657-01-03,4,258 x 182,null,papier,manuscrit,acte notarié,336,Dénonciation d'hypotheques par Mme d'Affis contre du Mas pour [...] de l'acquisition qu'elle a fait des rentes de la maison noble de Lansac,d'Affis | [...] (maison de Lansac),"""Lafon, Pierre | Massiot, [présidente Daffis] Anne de | Daffis, président Jean |Mas, [?] du | [Maret], François | Hiriart, Jean de""",Isle-Saint-Georges | Bordeaux | Guyenne | Béguey | paroisse Saint-Pierre (Bordeaux) | Bouliac,0,1,1,2,1,0,2,0,2,3,0,0,0,,,,
Ms4300,40,1657-1658,Ms4300/40/2,1657 5 janvier,1657-01-05,2,305 x 196,null,papier,manuscrit,acte notarié,null,null,null,"""Pierrebuffière, [de Pierrebuffière marquise] Françoise de | Pierrebuffière de Chamberet, marquis Henri de""",Bordeaux | Uzerche,1,2,2,2,1,0,2,2,3,1,2,0,0,,,,
Ms4300,40,1657-1658,Ms4300/40/3,1657 janv 9,1657-01-09,2,255 x 181,null,papier,manuscrit,quittance,336,Qittance par un sergent royal a la pres.te d'Affis,d'affis,"""[Massiot], présidente Daffis [Anne de] | [...]niac], conseiller Anthoine de""",Goudourville | Agen,0,2,0,2,1,0,0,1,2,1,0,0,0,,,,
Ms4300,40,1657-1658,Ms4300/40/4,1657 2 fevr,1657-02-02,4,309 x 192,null,papier,manuscrit,memoire,336,Extrait des payements fait a Mre Le Comte par les fermiers en l'Ile d'Olerôn,Olerôn | Le Comte,"""Le Comte de La Tresne, [président Jacques] | Daunefort, [Guillaume] | Petit, [?]""",Île d'Olerôn,1,2,0,2,1,0,1,1,2,2,0,0,0,,,,
Ms4300,40,1657-1658,Ms4300/40/5,1657 9 fevr,1657-02-09,4,247 x 184,pages siglé,papier,manuscrit,acte notarié,336,[...] en faveur de Jacques Le comte de [...] a La Tresne,Le comte | La Tresne,"""Le Comte de La Tresne, président Jacques | Bernard, Françoise | [Bernateau], Marie | [Dey], Jeanne | Faux, Pierre | Faux, Jean | Faux, Jacques | [...]""",Bordeaux | Chamberet,1,2,1,2,1,0,1,0,2,3,1,0,0,,,,
Ms4300,40,1657-1658,Ms4300/40/6,1657 19 fev,1657-02-19,1,240 x 187,null,papier,manuscrit,inventaire,336,Inventaires de pièces pour le procès entre Mr Le Comte et Germain du Pèries à propos de la maison noble de Larsan,du Péries | Larsan | Le comte,"""Le Comte de La Tresne, président Jacques | Périer de Larsan, Germain du""",Bordeaux,1,3,1,3,2,0,1,1,2,1,1,0,0,,,,
Ms4300,40,1657-1658,Ms4300/40/7,1657 22 fevr,1657-02-22,1,100 x 289,null,parchemin,manuscrit,exploit,null,null,null,"""Pontac [de Haut-Brion], premier président Arnaud de | Sageau, Joseph de""",Bordeaux,0,3,1,3,0,0,0,2,2,0,0,0,0,,,,
Ms4300,40,1657-1658,Ms4300/40/8,1657 1^r mars,1657-03-01,1,252 x 183,null,papier,manuscrit,requête,336,Requête de Jean Le Comte contre le fermiers du domain à propos des poursuites qu'il fout contre Joseph de Géres,de Géres |Le Comte,"""Le Comte de La Tresne, [premier] président Jean[-Baptiste] | [Géres], Joseph de""",Cénac | Guyenne,0,1,0,2,0,0,1,0,2,1,1,0,0,,,,
Ms4300,40,1657-1658,Ms4300/40/9/1,1657 2 mars,1657-03-02,6,251 x 183, Cordelette rose et blanche,papier,manuscrit,facture,336,"""Pièces d'un procès entre Bernard de Sauvage et Mr de Pontac, à propos d'une maison a Miòs""",Sauvage | Miòs | de Pontac,"""Sauvage de Lamothe, Bernard""",Guyenne | Salles | Mios,0,2,1,2,1,0,0,0,2,2,0,0,0,,,,
Ms4300,40,1657-1658,Ms4300/40/9/2,vers 1657,1657,4,254 x 181,Cordelette rose et blanche,papier,manuscrit,facture,null,null,null,"""Sauvage de Lamothe, Bernard | [Pontac de Haut-Brion], premier président [Arnaud de]""",Salles | Lamothe | Mios,1,2,1,2,1,0,1,0,2,1,0,0,0,,,,
Ms4300,40,1657-1658,Ms4300/40/9/3,XVIIeme siècle,1600/1699,1,247 x 188, Cordelette rose et blanche,papier,manuscrit,requête,null,null,null,"""Sauvage de Lamothe, Bernard | Pontac [de Haut-Brion], premier président Arnaud de""",Lamothe,0,2,1,2,1,0,0,0,1,1,2,0,0,,,,
Ms4300,40,1657-1658,Ms4300/40/9/4,XVIIeme siècle,1600/1699,1,249 x 176,Cordelette rose et blanche,papier,manuscrit,requête,null,null,null,"""Sauvage de Lamothe, Bernard | Pontac [de Haut-Brion, premier président Arnaud de]""",Bordeaux | Lamothe,0,2,1,2,1,0,0,0,3,1,2,0,0,,,,
Ms4300,40,1657-1658,Ms4300/40/9/5,XVIIeme siècle,1600/1699,1,286 x 261, Cordelette rose et blanche,papier,manuscrit,facture,null,null,null,"""Sauvage de Lamothe, [Bernard]""",null,0,0,1,1,0,0,0,0,1,2,0,0,0,,,,
Ms4300,40,1657-1658,Ms4300/40/9/6,XVIIeme siècle,1600/1699,1,126 x 184, Cordelette rose et blanche ,papier,manuscrit,facture,null,null,null,"""Sauvage de Lamothe, [Bernard]""",null,0,1,1,2,1,0,0,0,2,3,0,0,0,,,,
Ms4300,40,1657-1658,Ms4300/40/9/7,XVIIeme siècle,1600/1699,1,242 x 177, Cordelette rose et blanche,papier,manuscrit,facture,null,null,null,"""Sauvage de Lamothe, [Bernard] | Pontac [de Haut-Brion], premier président [Arnaud de]""",null,3,1,3,2,3,0,2,0,2,1,2,0,0,,,,
Ms4300,40,1657-1658,Ms4300/40/9/8,1643,1643,1,250 x 188, Cordelette rose et blanche ,papier,manuscrit,facture,null,null,null,"""Sauvage de Lamothe, [Bernard] | Pontac [de Haut-Brion], premier président [Arnaud de]""",null,1,2,1,2,1,0,1,0,2,1,1,0,0,,,,
Ms4300,40,1657-1658,Ms4300/40/10/1,1657 3 mars,1657-03-03,1,255 x 172,Cordelette rose et blanche,papier,manuscrit,exploit,336,"""Assignation donné a la requête de Jacques Le Comte, a Mr de Géres, pour [...] certains titres""",de Géres |Le Comte,"""[Le] Comte [de La Tresne], président [Jacques]""",null,0,2,3,3,1,0,1,0,1,2,0,0,0,,,,
Ms4300,40,1657-1658,Ms4300/40/10/2,1657 17 mars,1657-03-17,2,242 x 172, Cordelette rose et blanche ,papier,manuscrit,acte notarié,null,null,null,"""Géres, Joseph de | Le Comte de La Tresne, président Jacques""",Bordeaux,1,1,1,2,1,0,1,0,2,2,0,0,0,,,,
Ms4300,40,1657-1658,Ms4300/40/10/3,1657 17 mars,1657-03-17,1,242 x 172,Cordelette rose et blanche,papier,manuscrit,exploit,null,null,null,"""Géres, Joseph de | Le Comte de La Tresne, président Jacques""",null,0,1,1,2,1,0,1,1,1,2,0,0,0,,,,
Ms4300,40,1657-1658,Ms4300/40/10/4,1657 11 avril,1657-04-11,1,253 x 184, Cordelette rose et blanche,papier,manuscrit,requête,null,null,null,"""Géres, Joseph de | Le Comte de La Tresne, président Jacques""",null,0,1,1,2,1,0,0,0,2,1,0,0,0,,,,
Ms4300,40,1657-1658,Ms4300/40/10/5,1657 12 avril,1657-04-12,1,253 x 184, Cordelette rose et blanche ,papier,manuscrit,requête,null,null,null,"""Géres, Joseph de | Le Comte de La Tresne, président Jacques""",null,1,1,1,3,1,0,1,1,2,1,0,0,0,,,,
Ms4300,40,1657-1658,Ms4300/40/10/6,1657 16 avril,1657-04-16,1,255 x 184, Cordelette rose et blanche ,papier,manuscrit,requête,null,null,null,"""Géres, Joseph de | Le Comte de La Tresne, président Jacques""",null,0,1,1,2,1,0,1,1,1,1,0,0,0,,,,
Ms4300,40,1657-1658,Ms4300/40/11,1657 mars 3,1657-03-03,2,257 x 176,null,papier,manuscrit,acte notarié,336,Assignation donné a la requête de Jacques Le Comte a La Ferrière pour venir [...],La Ferrière | Le Comte,"""Le Comte de La Tresne, président Jacques | Lamy, Jean""",Bordeaux,3,1,1,2,1,0,1,0,2,1,2,0,0,,,,
Ms4300,40,1657-1658,Ms4300/40/12,1657 4 mars,1657-03-04,1,135 x 200,tache,papier,manuscrit,communication,336,Procuration par Margueritte de Ferron [...] Mr de Pontac pour reprendre un procès contre Arthus Le Comte,Le Comte |de Ferron | de Pontac,"""Ferron de Carbonnieux, de Pontac Marguerite de | Pontac d'Anglade, Gabriel de | Le Comte [de La Tresne], président [François-]Arthus | Bosquillon, [Noël]""",Bordeaux | Guyenne,2,2,2,2,1,0,1,1,2,1,2,0,0,,,,
Ms4300,40,1657-1658,Ms4300/40/13/1,1657 4 mars,1657-03-04,1,143 x 151,Cordelette rose,papier,manuscrit,acte notarié,null,null,null,"""Ferron [de Carbonnieux, de Pontac] Marguerite de | Pontac d'Anglade, Gabriel de | Le Comte [de La Tresne], président [François-]Arthus | Bosquillon, [Noël]""",Bordeaux | Guyenne,1,2,1,1,0,0,2,1,2,1,0,0,0,,,,
Ms4300,40,1657-1658,Ms4300/40/13/2,1657 8 mars,1657-03-08,1,185 x 177,Cordelette rose,papier,manuscrit,null,null,null,null,"""Le Comte [de La Tresne], président Jacques | Lamothe, [de Ségur de Mandosse] Anne de | Bosquillon, [Noël]""",Bordeaux | Guyenne,1,2,1,0,1,0,1,0,1,1,0,0,0,,,,
Ms4300,40,1657-1658,Ms4300/40/13/3,1657 4 avril,1657-04-04,2,244 x 172,Cordelette rose,papier,manuscrit,acte notarié,null,null,null,"""Lamothe, [de Ségur de Mandosse] Anne de | Ségur [de Francs], François de | Ferron [de Carbonnieux, de Pontac] Marguerite de | Pontac d'Anglade, Gabriel de | Bosquillon, [Noël]""",Bordeaux | Guyenne,1,2,1,2,1,0,1,1,2,1,0,0,0,,,,
Ms4300,40,1657-1658,Ms4300/40/13/4,1657 12 mai,1657-05-12,2,240 x 171, Cordelette rose ,parchemin,manuscrit,acte notarié,null,null,null,"""Lamothe, [de Ségur de Mandosse] Anne de | Ségur [de Francs], François de | Ferron [de Carbonnieux, de Pontac] Marguerite de | Pontac d'Anglade, Gabriel de | Bosquillon, [Noël]""",Bordeaux | Guyenne,1,2,1,2,0,0,1,1,2,1,2,0,0,,,,
Ms4300,40,1657-1658,Ms4300/40/13/5,1657 6 juin,1657-06-06,1,274 x 175, Cordelette rose ,papier,manuscrit,requête,null,null,null,"""Lamothe, [de Ségur de Mandosse] Anne de | Ferron [de Carbonnieux, de Pontac] Marguerite de | Pontac d'Anglade, Gabriel de | Bosquillon, [Noël]""",null,1,2,1,2,1,0,1,1,2,1,0,0,0,,,,
Ms4300,40,1657-1658,Ms4300/40/13/6,1657 8 juin,1657-06-08,2,245 x 181,Cordelette rose,papier,manuscrit,acte notarié,null,null,null,"""Lamothe, [de Ségur de Mandosse] Anne de | Ségur [de Francs], François de | Ferron [de Carbonnieux, de Pontac] Marguerite de | Pontac d'Anglade, Gabriel de | Bosquillon, [Noël]""",Paris | Bordeaux | Guyenne,0,2,1,2,1,0,1,0,2,1,0,0,0,,,,
Ms4300,40,1657-1658,Ms4300/40/13/7,1657 8 juin,1657-06-08,1,115 x 171, Cordelette rose,parchemin,manuscrit,acte notarié,null,null,null,"""Lamothe, [de Ségur de Mandosse] Anne de | Ferron [de Carbonnieux, de Pontac] Marguerite de | Pontac d'Anglade, Gabriel de| Bosquillon, [Noël]""",null,1,3,3,2,1,0,2,0,2,1,0,0,0,,,,
Ms4300,40,1657-1658,Ms4300/40/13/8,1657 juin 15,1657-06-15,1,271 x 185, Cordelette rose,papier,manuscrit,acte notarié,null,null,null,"""Lamothe, [de Ségur de Mandosse] Anne de | Ségur [de Francs], François de | Ferron [de Carbonnieux, de Pontac] Marguerite de | Pontac d'Anglade, Gabriel de | Bosquillon, [Noël]""",null,1,2,1,2,1,0,1,0,1,2,0,0,0,,,,
Ms4300,40,1657-1658,Ms4300/40/13/9,1657 25 juin,1657-06-25,1,273 x 185, Cordelette rose,papier,manuscrit,lettre,null,null,null,"""Lamothe, [de Ségur de Mandosse] Anne de | Ségur [de Francs], François de | Ferron [de Carbonnieux, de Pontac] Marguerite de | Bosquillon, [Noël]""",null,1,2,1,2,1,0,1,1,1,2,0,0,0,,,,
Ms4300,40,1657-1658,Ms4300/40/13/10,1657 9 juilliet,1657-07-09,1,277 x 175, Cordelette rose,papier,manuscrit,exploit,null,null,null,"""Ferron [de Carbonnieux, de Pontac Marguerite] de | Bosquillon, [Noël] | [Pomiés, Pierre]""",null,1,1,1,1,2,0,1,0,1,1,0,0,0,,,,
Ms4300,40,1657-1658,Ms4300/40/13/11,1657 13 7bre,1657-09-13,1,271 x 179, Cordelette rose,papier,manuscrit,acte notarié,null,null,null,"""Lamothe, [de Ségur de Mandosse] Anne de | Ferron [de Carbonnieux, de Pontac Marguerite] de | Bosquillon, [Noël] | Pontac d'Anglade, Gabriel de""",null,2,2,1,2,1,0,1,0,1,1,0,0,0,,,,
Ms4300,40,1657-1658,Ms4300/40/13/12,1657 21 9bre,1657-11-21,1,275 x 178, Cordelette rose,papier,manuscrit,acte notarié,null,null,null,"""Lamothe, [de Ségur de Mandosse] Anne de | Ferron [de Carbonnieux, de Pontac Marguerite] de | Bosquillon, [Noël] | Pontac d'Anglade, Gabriel de""",null,1,1,1,2,1,0,2,1,1,1,0,0,0,,,,
Ms4300,40,1657-1658,Ms4300/40/13/13,1657 12 xbre,1657-12-12,1,272 x 184, Cordelette rose,papier,manuscrit,acte notarié,null,null,null,"""Lamothe, [de Ségur de Mandosse] Anne de | Ferron [de Carbonnieux, de Pontac] Marguerite de | Bosquillon, [Noël] | Pontac d'Anglade, Gabriel de""",null,1,2,1,2,1,0,1,1,1,2,0,0,0,,,,
Ms4300,40,1657-1658,Ms4300/40/13/14,1657 12 xbre,1657-12-12,1,269 x 172, Cordelette rose,papier,manuscrit,acte notarié,null,null,null,"""Lamothe, [de Ségur de Mandosse] Anne de | Ferron [de Carbonnieux, de Pontac Marguerite] de | Bosquillon, [Noël] | Pontac d'Anglade, Gabriel de""",null,1,1,1,2,1,0,1,0,1,1,0,0,0,,,,
Ms4300,40,1657-1658,Ms4300/40/13/15,1657 16 xbre,1657-12-16,1,99 x 200, Cordelette rose,parchemin,manuscrit,acte notarié,null,null,null,"""Lamothe, [de Ségur de Mandosse] Anne de | Ferron [de Carbonnieux, de Pontac] Marguerite de | Bosquillon, [Noël] | Pontac d'Anglade, Gabriel de""",null,1,3,2,2,3,0,1,2,2,1,0,0,0,,,,
Ms4300,40,1657-1658,Ms4300/40/13/16,23 janv 1658,1658-01-23,2,274 x 180, Cordelette rose,papier,manuscrit,lettre,null,null,null,"""Lamothe, [de Ségur de Mandosse] Anne de | Ferron [de Carbonnieux, de Pontac] Marguerite de | Bosquillon, [Noël] | Pontac d'Anglade, Gabriel de""",null,1,2,1,2,1,0,1,1,2,1,0,0,0,,,,
Ms4300,40,1657-1658,Ms4300/40/14,1657 mars 5,1657-03-05,2,204 x 158,Cachets de cire rouge,papier,manuscrit,lettre,null,null,null,"""[Lalanne] de Rouaillon, [Alphonse de]""",Bordeaux,1,2,1,2,1,0,2,0,1,0,0,0,0,,,,
Ms4300,40,1657-1658,Ms4300/40/15,1657 mars 6,1657-03-06,2,225 x 167,Cachets de cire rouge,papier,manuscrit,lettre,null,null,null,"""[Rober...], [?] | [Le Comte] de La Tresne, président [Jacques] | Constantin, [?] de | Fournier, [?] | Pontac [de Haut-Brion, premier président Arnaud de]""",Bordeaux | Paris,3,2,2,2,3,0,2,0,1,3,1,0,0,,,,
Ms4300,40,1657-1658,Ms4300/40/16,1657 10 mars,1657-03-10,2,250 x 185,null,papier,manuscrit,requête,336,Requête de subrogation par Mr Le Comte [...] contre Mr du Périer,du Périer | Le Comte,"""Le Comte de La Tresne, président Jacques| Duval, conseiller [?]""",Cénac,3,2,0,2,1,0,1,0,1,1,0,0,0,,,,
Ms4300,40,1657-1658,Ms4300/40/17,1657 12 mars,1657-03-12,2,251 x 185,null,papier,manuscrit,requête,336,"""Requête de [...] par Jacques Le Comte contre les du Périer, pour la maison de Larsan""",du Périer | Le Comte | Larsan,"""Le Comte de La Tresne, président Jacques | Périer [de Larsan], Germain du | Périer [de l'Isle Fort], Pierre du | Rubran, Jacques de | Dorat, Jean""",null,0,2,1,2,1,0,1,1,1,1,1,0,0,,,,
Ms4300,40,1657-1658,Ms4300/40/18,1657 mars 13,1657-03-13,2,216 x 174,null,parchemin,manuscrit,acte notarié,337,Permission a Honoré de Lur d'[...] contre les habitants de Caudrot,de Lur | Caudrot,"""Lur-Saluce, Honoré de""",Caudrot,3,3,3,2,1,0,1,3,3,1,2,2,0,,,,
Ms4300,40,1657-1658,Ms4300/40/19,1657 13 mars,1657-03-13,2,255 x 183,null,papier,manuscrit,arrêt,337,Arrêt du parl.t [...] au Sr d'Arche d'entrer dans l'Ile de Caudrot [...] habitants de la ville d'y [...] du dégat et permettant au Mr de Lur d'y etablir une garde forestier,d'Arche | Caudrot Ile [...] | de Lur,"""Lur-Saluce, Honoré de | Arche, conseiller Bernard d'""",Bordeaux | Caudrot,1,1,3,2,3,0,1,2,2,3,2,0,0,,,,
Ms4300,40,1657-1658,Ms4300/40/20/1,1657 16 mars,1657-03-16,2,227 x 177,Cordelette rose,papier,manuscrit,acte notarié,null,null,null,"""[Le] Comte [de La Tresne, président] Jacques""",Guyenne,1,1,1,2,1,0,1,0,2,3,0,0,0,,,,
Ms4300,40,1657-1658,Ms4300/40/20/2,1657 21 mars,1657-03-21,2,307 x 198,Cordelette rose,papier,manuscrit,acte notarié,null,null,null,"""Le Comte de La Tresne, président Jacques | Minvielle, Philippe de""",Cénac | Camblanes-et-Meynac,1,2,3,3,2,0,2,2,1,0,0,0,0,,,,
Ms4300,40,1657-1658,Ms4300/40/20/3,1657 22 mars,1657-03-22,1,77 x 200,Cordelette rose,parchemin,manuscrit,acte notarié,null,null,null,"""Le Comte [de La Tresne], président Jacques""",Bordeaux,1,3,2,2,1,0,1,2,0,0,0,0,0,,,,
Ms4300,40,1657-1658,Ms4300/40/21,1657 19 mars,1657-03-19,5,245 x 183,null,papier,manuscrit,quittance,337,Quittance d'une [...] par Daniel de Tustal a Daniel de Baudry,de Tustal | de Baudry,"""Tustal, Daniel de | Baudry, Daniel de | La Place, Sibille de""",Bordeaux | Guyenne | Bacalan,0,2,1,2,1,0,1,0,2,3,0,0,0,,,,
Ms4300,40,1657-1658,Ms4300/40/22,1657 25 mars,1657-03-25,4,311 x 197,timbre,papier,manuscrit,facture,337,Acte concernant la baronne de Chaume [...] Mr Le Comte,Chaume | Le Comte,"""Le Comte [de La Tresne, président] Jacques | [...]""",Saintes | La Chaume,0,2,1,2,1,0,2,0,2,3,0,0,0,,,,
Ms4300,40,1657-1658,Ms4300/40/23,1657 31 mars,1657-03-31,1,108 x 281,null,parchemin,manuscrit,acte notarié,null,null,null,"""Lamothe, [de Ségur de Mandosse] Anne de | Ferron [de Carbonnieux, de Pontac Marguerite] de | Pontac d'Anglade, Gabriel de | Le Comte [de La Tresne, président] Jacques | Mérignac, [de Vacquey de Pontac] Guyonne de | Pontac [d'Anglade], François de""",Bordeaux | Paris,2,2,0,2,0,0,1,1,1,0,0,0,0,,,,
Ms4300,40,1657-1658,Ms4300/40/24,1657 mars 31,1657-03-31,2,205 x 157,Cachets de cire rouge,papier,manuscrit,lettre,337,Lettre [...] en faveur du curateur de la succession d'Anne de La Motte,de La Motte,"""[Lalanne] de Rouaillon, [Alphonse de]""",Bordeaux,1,2,2,2,1,0,1,0,1,1,0,0,0,,,,
Ms4300,40,1657-1658,Ms4300/40/25,1657 8 avril,1657-04-08,4,249 x 185,null,papier,manuscrit,contrat,337,Obligation d'investiment de 3200 lt par Mr d'Alesme en faveur de Sr de Mons,d'Alesme | de Mons,"""Alesme [de Parempuyre], Jacques d' | Lescure, [d'Alesme] Catherine de | Demons, François""",Bordeaux,0,1,1,2,1,0,1,0,2,1,0,0,0,,,,
Ms4300,40,1657-1658,Ms4300/40/26/1,1657 12 avril,1657-04-12,4,249 x 179,cordelette rouge,papier,manuscrit,contrat,337,Obligation d'une somme de 1000 lt par [...] de [...] en faveur de [...] de Geniste,de Geniste | de La Larme,"""Geneste, [de Sauvanelle] Yvette de | Sauvanelle, conseiller Elie de | Lalanne [de Pommiers], Sarran de | Lalanne, Léon de""",Bordeaux | Guyenne | Aides,1,1,1,2,1,0,1,0,2,2,2,0,0,,,,
Ms4300,40,1657-1658,Ms4300/40/26/2,1658 8 mars,1658-03-08,4,231 x 177,cordelette rouge,papier,manuscrit,contrat,null,null,null,"""Geneste, [de Sauvanelle] Yvette de | Sauvanelle, conseiller Elie de | Lalanne [de Pommiers], Sarran de | Lalanne, Léon de""",null,0,2,1,2,1,0,1,1,2,1,2,0,0,,,,
Ms4300,40,1657-1658,Ms4300/40/26/3,1658 8 mars,1658-03-08,4,252 x 182,cordelette rouge,papier,manuscrit,contrat,null,null,null,"""Geneste, [de Sauvanelle] Yvette de | Sauvanelle, conseiller Elie de | Lalanne [de Pommiers], Sarran de | Lalanne, Léon de""",null,1,2,1,2,1,0,1,0,2,1,2,0,0,,,,
Ms4300,40,1657-1658,Ms4300/40/27,1657 avril 13,1657-04-13,2,239 x 183,null,papier,manuscrit,lettre,null,null,null,"""Chapitain, [?] de""",Cap-breton | Espagne | Portugal,1,1,2,2,1,0,1,0,2,2,0,0,0,,,,
Ms4300,40,1657-1658,Ms4300/40/28,1657 avril 26,1657-04-26,2,296 x 197,null,papier,manuscrit,lettre,null,null,null,"""[Massiot, présidente] Daffis [Anne de] | [Cesp...], [?] de""",Bayonne,2,3,3,3,3,0,1,0,1,2,0,0,0,,,,
Ms4300,40,1657-1658,Ms4300/40/29,1657 avril 27 ,1657-04-27,2,226 x 171,null,papier,manuscrit,lettre,null,null,null,"""[Le Comte] de La Tresne, président [Jacques] | [Vioux], [?] de""",[Vioux] | Bordeaux,0,2,1,2,0,0,1,1,2,1,1,0,0,,,,
Ms4300,40,1657-1658,Ms4300/40/30,1657 avril 30,1657-04-30,1,249 x 180,null,papier,manuscrit,lettre,null,null,null,"""Chapitain, [?] de""",Bayonne,0,1,2,2,1,0,0,0,2,2,0,0,0,,,,
Ms4300,40,1657-1658,Ms4300/40/31/1,1657 5 mai,1657-05-05,1,130 x 290,cordelette blanche,parchemin,manuscrit,acte notarié,337,Lettres [...] d'assignation pour Jacques Le Comte contre G.el de Pontac,de Pontac | Le Comte,"""Pontac d'Anglade, François de | Pontac d'Anglade, Gabriel de | Le Comte de La Tresne, président Jacques | Mérignac, [de Vacquey] de Pontac Guyonne de""",Paris | Bordeaux,1,2,2,3,0,0,1,2,2,0,1,0,0,,,,
Ms4300,40,1657-1658,Ms4300/40/31/2,1657 8 mai,1657-05-08,1,232 x 205,cordelette blanche,papier,manuscrit,acte notarié,337,Lettres [...] d'assignation pour Jacques Le Comte contre G.el de Pontac,de Pontac | Le Comte,"""Pontac d'Anglade, François de | Pontac d'Anglade, Gabriel de | Le Comte de La Tresne, président Jacques | Mérignac, [de Vacquey] de Pontac Guyonne de""",Paris | Bordeaux,2,2,1,2,1,0,1,1,1,1,2,0,0,,,,
Ms4300,40,1657-1658,Ms4300/40/31/3,XX juin 1657,1657-06-20,2,180 x 140,cordelette blanche,papier,manuscrit,billiet,337,Lettres [...] d'assignation pour Jacques Le Comte contre G.el de Pontac,de Pontac | Le Comte,"""Pontac [d'Anglade], Gabriel de | Le Comte [de La Tresne, président] Jacques""",null,1,3,1,2,1,0,1,0,1,1,1,0,0,,,,
Ms4300,40,1657-1658,Ms4300/40/32/1,1657 11 mai,1657-05-11,1,253 x 190,cordelette jaune,papier,manuscrit,requête,337,"""Requête par Jacques Le Comte contre Mr du Périer, [...] de Larsan""",Le Comte | du Périer | Larsan,"""Lejeune, Ledoux | Le Comte [de La Tresne], président Jacques | Périer de l'Isle Fort, Pierre du | Peleau, [conseiller Jean]""",null,1,1,2,3,1,0,1,0,1,1,0,0,0,,,,
Ms4300,40,1657-1658,Ms4300/40/32/2,1657 14 mai,1657-05-14,1,253 x 189,cordelette jaune,papier,manuscrit,requête,337,"""Requête par Jacques Le Comte contre Mr du Périer, [...] de Larsan""",Le Comte | du Périer | Larsan,"""Lejeune, Ledoux | Le Comte [de La Tresne], président Jacques | [Périer] de l'Isle Fort, [Pierre du] | Peleau, conseiller [Jean]""",null,1,1,1,2,1,0,1,0,1,1,0,0,0,,,,
Ms4300,40,1657-1658,Ms4300/40/32/3,1657 14 mai,1657-05-14,1,253 x 178,cordelette jaune,papier,manuscrit,requête,337,"""Requête par Jacques Le Comte contre Mr du Périer, [...] de Larsan""",Le Comte | du Périer | Larsan,"""Lejeune, Ledoux | Le Comte de La Tresne, président Jacques | Périer de l'Isle Fort, Pierre du | Peleau, [conseiller Jean]""",Cénac,0,1,1,2,1,0,1,0,1,1,0,0,0,,,,
Ms4300,40,1657-1658,Ms4300/40/32/4,1657 23 avril,1657-04-23,2,253 x 190,cordelette jaune,papier,manuscrit,requête,337,"""Requête par Jacques Le Comte contre Mr du Périer, [...] de Larsan""",Le Comte | du Périer | Larsan,"""Lejeune, Ledoux | Le Comte [de La Tresne], président Jacques | Périer [de l'Isle Fort], Pierre du | Périer [de Larsan], Germain du| Rubran, Jacques de | Dorat, Jean | Peleau, conseiller [Jean] | Duval, conseiller [?]""",Bordeaux,0,1,1,2,1,0,1,0,1,3,0,0,0,,,,
Ms4300,40,1657-1658,Ms4300/40/32/5,1657 29 mai,1657-05-29,2,253 x 185,cordelette jaune,papier,manuscrit,requête,337,"""Requête par Jacques Le Comte contre Mr du Périer, [...] de Larsan""",Le Comte | du Périer | Larsan,"""Lejeune, Ledoux | Le Comte [de La Tresne], président Jacques | Périer de l'Isle Fort, Pierre du | Peleau, conseiller [Jean]""",null,1,1,1,2,1,0,1,0,1,1,0,0,0,,,,
Ms4300,40,1657-1658,Ms4300/40/32/6,1657 14 juin,1657-06-14,2,253 x 190,cordelette jaune,papier,manuscrit,requête,337,"""Requête par Jacques Le Comte contre Mr du Périer, [...] de Larsan""",Le Comte | du Périer | Larsan,"""Lejeune, Ledoux | Le Comte [de La Tresne], président Jacques | Périer [de l'Isle Fort], Pierre du | Périer [de Larsan], Germain du| Rubran, Jacques de | Dorat, Jean | Peleau, conseiller [Jean] | Duval, conseiller [?]""",null,1,1,1,2,1,0,1,1,2,2,0,0,0,,,,
Ms4300,40,1657-1658,Ms4300/40/32/7,1658 4 mai,1658-05-04,2,262 x 180,cordelette jaune,papier,manuscrit,requête,337,"""Requête par Jacques Le Comte contre Mr du Périer, [...] de Larsan""",Le Comte | du Périer | Larsan,"""Lejeune, Ledoux | Le Comte de La Tresne, président Jacques | Périer de l'Isle Fort, Pierre du | Périer de Larsan, Germain du""",Cénac,1,1,1,2,0,0,1,0,2,1,0,0,0,,,,
Ms4300,40,1657-1658,Ms4300/40/32/8,1658 7 mai,1658-05-07,2,246 x 181,cordelette jaune,papier,manuscrit,requête,337,"""Requête par Jacques Le Comte contre Mr du Périer, [...] de Larsan""",Le Comte | du Périer | Larsan,"""Lejeune, Ledoux | Le Comte de La Tresne, président Jacques | Périer [de l'Isle Fort], Pierre du | Périer [de Larsan], Germain du| Rubran, Jacques de | Dorat, Jean""",Cénac,1,1,1,2,1,0,1,2,1,1,0,0,0,,,,
Ms4300,40,1657-1658,Ms4300/40/33,1657 14 mai,1657-05-14,2,252 x 182,null,papier,manuscrit,lettre,337,Memoire concernant la [...] des [...] Chateauneuf,Chateauneuf,"""[Pontac de Haut-Brion], premier président [Arnaud de] | [Pierrebuffière] de Chamberet, [marquis Henri de] | [Favas, de Caumont de Bassabat Jeanne de] | [Pierrebuffière, de Pierrebuffière marquise Françoise de]""",Chamberet | Châteauneuf-la-Forêt,2,2,0,2,3,0,1,0,2,2,0,0,0,,,,
Ms4300,40,1657-1658,Ms4300/40/34,1657 30 mai,1657-05-30,6,251 x 179,null,papier,manuscrit,contrat,338,Nomination d'un garde dans l'Ile de Caudrot par le procurateur Honoré de Lur de Saluce,Ile de Caudrot | de Lur de [...],"""Arche, conseiller Bernard d' | Lur-Saluce, Honoré de""",Bordeaux | Caudrot,1,2,1,2,2,0,2,1,2,2,2,0,0,,,x,
Ms4300,40,1657-1658,Ms4300/40/35,1657 4 juin,1657-06-04,2,303 x 211,null,papier,manuscrit,exploit,338,Exploit pour Alphonse de La Larme contre Mr Gaillard,Gaellard | de La Larme,"""Gaillard de Saint-Dizant, Lancelot | Lalanne de Rouaillon, Alphonse de""",Bordeaux | Saint-Dizant-du-Gua,3,3,1,2,2,0,2,2,2,3,0,0,0,,,Ms_4300_40_35,
Ms4300,40,1657-1658,Ms4300/40/36,1657 11 juin,1657-06-11,2,249 x 182,null,papier,manuscrit,acte notarié,338,Signification a la requête de Mr de Lur d'un arret contre Bernard d'Arche,d'Arche | de Lur,"""Lur-Saluce, Honoré de | Arche, conseiller Bernard d'""",Bordeaux ,1,2,2,2,1,0,2,1,2,3,2,0,0,,,x,
Ms4300,40,1657-1658,Ms4300/40/37,1657 14 juin,1657-06-14,1,140 x 172,null,papier,manuscrit,communication,338,Procuration par Fr. de Pontac pour le remplacer qu procès qu'il a contre Jacques Le Comte,de Pontac | Le Comte,"""Pontac d'Anglade, Gabriel de | Pontac d'Anglade, François de | Le Comte [de La Tresne, président] Jacques""",Paris,0,1,1,2,2,0,1,1,2,1,0,0,0,,,,
Ms4300,40,1657-1658,Ms4300/40/38,1657 16 juin,1657-06-16,2,239 x 177,null,papier,manuscrit,acte notarié,338,Jugement des requêtes du palais concernant Mr du Périer a [...] en faveur de Jacques Le Comte,du Périer | Le Comte,"""Le Comte de La Tresne, président Jacques | Périer de l'Isle Fort, Pierre du | Périer de Larsan, Germain du | Rubran, Jacques de | Dorat, Jean""",Cénac | Bordeaux,3,2,2,2,2,0,1,2,2,1,0,0,0,,,,
Ms4300,40,1657-1658,Ms4300/40/39/1,1657 18 juin,1657-06-18,2,252 x 186,cordelette,papier,manuscrit,acte judiciaire,338,Pièces d'un procès entre Arnaud de Pontac et Joseph de Sageau,de Sageau | de Pontac,"""Pontac [de Haut-Brion], premier président Arnaud de | Sageau, Joseph de | Fayolle, Jeanne | [Gesse], Joseph""",Vigeois | Bordeaux | Uzerche,1,2,2,2,2,0,2,1,1,1,2,0,0,,,,
Ms4300,40,1657-1658,Ms4300/40/39/2,1657 21 juin,1657-06-21,1,240 x 174,cordelette,papier,manuscrit,acte judiciaire,338,Pièces d'un procès entre Arnaud de Pontac et Joseph de Sageau,de Sageau | de Pontac,"""Pontac [de Haut-Brion], premier président Arnaud de | Sageau, Joseph de | Fayolle, Jeanne | [Gesse], Joseph""",Vigeois | Bordeaux | Uzerche,1,3,1,2,1,0,2,1,1,1,2,0,0,,,,
Ms4300,40,1657-1658,Ms4300/40/39/3,1657 23 juillet,1657-07-23,2,251 x 187,cordelette,papier,manuscrit,acte judiciaire,338,Pièces d'un procès entre Arnaud de Pontac et Joseph de Sageau,de Sageau | de Pontac,"""Pontac [de Haut-Brion], premier président Arnaud de | Sageau, Joseph de""",Vigeois | Bordeaux | Chamberet,1,1,3,2,1,0,2,1,1,1,2,0,0,,,,
Ms4300,40,1657-1658,Ms4300/40/39/4,1658 30 mai,1658-05-30,1,247 x 187,cordelette,papier,manuscrit,acte judiciaire,338,Pièces d'un procès entre Arnaud de Pontac et Joseph de Sageau,de Sageau | de Pontac,"""Pontac [de Haut-Brion], premier président Arnaud de | Sageau, Joseph de | Fayolle, Jeanne | [Gesse], Joseph""",Vigeois | Bordeaux | Uzerche,1,2,2,3,2,0,2,1,1,1,2,0,0,,,,
Ms4300,40,1657-1658,Ms4300/40/39/5,1659 21 janv,1659-01-21,2,251 x 180,cordelette,papier,manuscrit,acte judiciaire,338,Pièces d'un procès entre Arnaud de Pontac et Joseph de Sageau,de Sageau | de Pontac,"""Pontac [de Haut-Brion], premier président Arnaud de | Sageau, Joseph de | Fayolle, Jeanne | [Gesse], Joseph | [Pierrebuffière, de Pierrebuffière marquise Françoise de]""",Vigeois | Bordeaux | Uzerche,1,1,2,3,1,0,2,1,1,1,2,0,0,,,,
Ms4300,40,1657-1658,Ms4300/40/39/6,1659 14 janv,1659-01-14,2,254 x 184,cordelette,papier,manuscrit,acte judiciaire,338,Pièces d'un procès entre Arnaud de Pontac et Joseph de Sageau,de Sageau | de Pontac,"""Pontac [de Haut-Brion], premier président Arnaud de | Sageau, Joseph de | Fayolle, Jeanne | [Gesse], Joseph | [Pierrebuffière, de Pierrebuffière marquise Françoise de]""",Vigeois | Bordeaux | Uzerche,1,1,1,2,1,0,2,1,1,1,2,0,0,,,,
Ms4300,40,1657-1658,Ms4300/40/39/7,1659 30 janv,1659-01-30,2,248 x 180,cordelette,papier,manuscrit,acte judiciaire,338,Pièces d'un procès entre Arnaud de Pontac et Joseph de Sageau,de Sageau | de Pontac,"""Pontac [de Haut-Brion], premier président Arnaud de | Sageau, Joseph de | Fayolle, Jeanne | [Gesse], Joseph | [Pierrebuffière, de Pierrebuffière marquise Françoise de]""",Vigeois | Bordeaux | Uzerche,1,1,1,2,1,0,2,1,1,1,2,0,0,,,,
Ms4300,40,1657-1658,Ms4300/40/40/1,1657 21 juin,1657-06-21,2,254 x 186,cordelette,papier,manuscrit,arrêt,338,Arrêt pour Jacques Le Comte contre Marie Vallet,Vallet | Le Comte,"""Le Comte de La Tresne, président Jacques""",Cénac,1,1,1,2,1,0,1,1,2,2,2,0,0,,,,
Ms4300,40,1657-1658,Ms4300/40/40/2,1657 28 juin,1657-06-28,2,252 x 187,cordelette,papier,manuscrit,acte notarié,null,null,null,"""Le Comte de La Tresne, président Jacques""",Cénac | Bordeaux,1,2,1,2,1,0,1,1,1,0,0,0,0,,,,
Ms4300,40,1657-1658,Ms4300/40/41,1657 juillet 9,1657-07-09,2,208 x 149,Cachets de cire rouge,papier,manuscrit,lettre,null,null,null,"""[Massiot], présidente Daffis [Anne de] | [Cesp...], [?] de""",Bayonne | Bordeaux,0,1,1,2,0,0,0,1,2,2,0,0,0,,,,
Ms4300,40,1657-1658,Ms4300/40/42/1,XVII siècle,1600/1699,1,110 x 170,3 cordelettes,parchemin,manuscrit,acte judiciaire,null,null,null,"""Lamothe, [de Ségur de Mandosse] Anne de | Pontac d'Anglade, François de | Bosquillon, [Noël]""",Bordeaux,1,3,3,2,0,0,1,1,2,1,2,0,2,,,,
Ms4300,40,1657-1658,Ms4300/40/42/2,XVII siècle,1600/1699,1,277 x 177,3 cordelettes,papier,manuscrit,acte judiciaire,null,null,null,"""Pontac d'Anglade, François de | Bosquillon, [Noël]""",Bordeaux,2,1,1,2,3,0,2,1,2,2,2,0,1,,,,
Ms4300,40,1657-1658,Ms4300/40/42/3,XVII siècle,1600/1699,1,246 x 178,3 cordelettes,papier,manuscrit,acte judiciaire,null,null,null,"""Lamothe, [de Ségur de Mandosse] Anne de | Pontac d'Anglade, François de | Bosquillon, [Noël]""",Bordeaux,1,2,1,2,2,0,2,1,1,2,2,0,1,,,,
Ms4300,40,1657-1658,Ms4300/40/42/4,XVII siècle,1600/1699,1,278 x 177,3 cordelettes,papier,manuscrit,acte judiciaire,null,null,null,"""Lamothe, [de Ségur de Mandosse] Anne de | Pontac d'Anglade, François de | Bosquillon, [Noël]""",Bordeaux,1,2,2,2,2,0,2,1,1,2,2,0,1,,,,
Ms4300,40,1657-1658,Ms4300/40/42/5,XVII siècle,1600/1699,1,116 x 112,3 cordelettes,papier,manuscrit,billiet,null,null,null,"""Lamothe, [de Ségur de Mandosse] Anne de | Ferron [de Carbonnieux, de Pontac] Marguerite de | Pontac d'Anglade, Gabriel de""",Bordeaux,0,2,2,0,1,0,1,0,2,2,2,0,0,,,,
Ms4300,40,1657-1658,Ms4300/40/42/6,1657,1657,1,105 x 201,3 cordelettes,papier,manuscrit,acte notarié,null,null,null,"""Ferron [de Carbonnieux, de Pontac] Marguerite de | Pontac d'Anglade, Gabriel de | Bosquillon, [Noël]""",Bordeaux,2,2,2,2,3,0,2,0,2,1,0,0,0,,,,
Ms4300,40,1657-1658,Ms4300/40/42/7,1657 16 9bre,1657-11-16,1,275 x 182,3 cordelettes,papier,manuscrit,acte notarié,null,null,null,"""""Ferron [de Carbonnieux, de Pontac] Marguerite de | Pontac d'Anglade, Gabriel de | Le Comte [de La Tresne], président Jacques | Lamothe, [de Ségur de Mandosse] Anne de | Bosquillon, [Noël]""",Bordeaux,0,1,2,2,1,0,2,1,2,1,0,0,0,,,,
Ms4300,40,1657-1658,Ms4300/40/42/8,1657 6 juilliet,1657-07-06,2,373 x 232,3 cordelettes,papier,manuscrit,lettre,338,Pièces d'un procès entre Anne de La Motte et Jacques Le Comte,Le Comte | La Motte,"""Pontac d'Anglade, François de | Le Comte [de La Tresne], président Jacques | Ségur [de Francs], Jacquette de | Ségur [de Francs], François de | Mérignac, [de Vacquey de Pontac] Guyonne de | Ségur de Francs, Guyonne de | Mérignac, Gabriel de | Lamothe, [de Ségur de Mandosse] Anne de | Bosquillon, [Noël]""",Bordeaux,2,2,3,2,3,0,2,2,2,2,2,0,2,,,x,
Ms4300,40,1657-1658,Ms4300/40/43,1657 juillet 6,1657-07-06,2,226 x 167,cachet de cire rouge,papier,manuscrit,lettre,null,null,null,"""[Rober...], [?] | La Tresne, président [Jacques] de | Pontac d'Anglade, [François] de""",Bordeaux | Paris | La Motte saint-André,3,2,3,3,0,0,2,0,3,1,1,0,0,,,,
Ms4300,40,1657-1658,Ms4300/40/44,30 juillet 1657,1657-07-30,2,213 x 156,null,papier,manuscrit,acte notarié,null,null,null,"""Pontac [de Haut-Brion], premier président Arnaud de | [Favas, de Caumont de Bassabat Jeanne de] | Pierrebuffière, [de Pierrebuffière marquise] Françoise de |Pierrebuffière de Chamberet, [marquis] Henri de""",Châteauneuf-la-Forêt | Paris | Bordeaux | Chamberet,1,2,2,2,1,0,2,0,2,2,0,0,0,,,,
Ms4300,40,1657-1658,Ms4300/40/45,1657 juillet 30,1657-07-30,2,296 x 204,null,papier,manuscrit,lettre,null,null,null,"""[Massiot, présidente] Daffis [Anne de] | [Cesp...], [?] de""",Castelnau,2,2,3,3,1,0,1,0,1,2,2,0,0,,,,
Ms4300,40,1657-1658,Ms4300/40/46,1657 30 juillet,1657-07-30,1,275 x 190,null,papier,manuscrit,acte notarié,null,null,null,"""Pontac [de Haut-Brion], premier président Arnaud de | Pierrebuffière, [de Pierrebuffière marquise] Françoise de |Pierrebuffière de Chamberet, [marquis] Henri de""",Châteauneuf-la-Forêt | Paris | Bordeaux | Chamberet,1,2,0,2,2,0,2,0,2,2,0,0,0,,,,
Ms4300,40,1657-1658,Ms4300/40/47,1657 31 juillet,1657-07-31,23,313 x 195,réliure artisanal,papier,manuscrit,acte judiciaire,338,Arrêt en faveur de F.se de Pierre-Buffiére contre Jeanne de Fabas,de Pierre-Buffière | de Fabas,"""Pierrebuffière, [de Pierrebuffière marquise] Françoise de |Pierrebuffière de Chamberet, marquis Henri de | Favas, [de Caumont de Bassabat] Jeanne de | Caumont, Pierre de""",Chamberet,3,3,1,3,0,0,1,0,2,2,2,0,0,,,,
Ms4300,40,1657-1658,Ms4300/40/48,1657 3 aout,1657-08-03,2,299 x 185,null,papier,manuscrit,requête,338,Requête de Jacques Le Comte à propos des [...] de Fr. d'Arriet,d'Arriet | Le Comte,"""[Arriet], Jean [d'] | [Tr...], Jacques de | [Tr...], Marie de | Le Comte [de La Tresne], président Jacques""",null,1,3,3,3,1,0,1,2,2,3,2,0,0,,,,
Ms4300,40,1657-1658,Ms4300/40/49,1657 aout 30,1657-08-30,2,242 x 181,null,papier,manuscrit,lettre,null,null,null,"""Chapitain, [?] de""",Cap-Breton | France | Portugal,1,2,3,2,1,0,1,0,3,3,0,0,0,,,,
Ms4300,40,1657-1658,Ms4300/40/50,1657 17 7bre,1657-09-17,2,245 x 181,null,papier,manuscrit,memoire,338,"""Compte des frais fait pour les funérailles de Sr Germain a La Tresne. 50 lt 8 s""",Germain | La Tresne,"""Germain, [?] | La [G...], [Philip]""",null,0,2,0,2,1,0,1,0,2,1,0,0,0,,,,
Ms4300,40,1657-1658,Ms4300/40/51,1657 21 7bre,1657-09-21,4,250 x 181,réliure artisanal,papier,manuscrit,contrat,338,Cession de 300 lt par Fr. Fayolle et Mr de St. Sever contre [...] d'Alesme,de Fayolle | de St. Sever | d'Alesme,"""Fayolle, François | Saint-Sever, Arnaud de | Minvielle, Jean de | Alesme, [?] d' | Minvielle, [de Géres Anne] de | Géres, Asdrubal de""",Bordeaux | Guyenne,2,1,1,3,1,0,2,2,2,3,0,0,0,,,,
Ms4300,40,1657-1658,Ms4300/40/52,1655 sept 25,1655-09-25,1,388 x 257,cachet de cire rouge,papier,manuscrit,lettre,null,null,null,[...],Bordeaux,2,3,3,3,1,0,2,3,2,1,0,0,0,,,,
Ms4300,40,1657-1658,Ms4300/40/53,1657 2 8bre,1657-10-02,1,182 x 182,null,papier,manuscrit,quittance,338,Prorogation de [...] de payement par Mr de Bacallan pour M.elle de Tustal,de Bacallan | de Tustal,"""Bacalan, conseiller Arnaud de | Tustal, [de Lalanne Jeanne de]""",Guyenne,0,2,0,2,1,0,1,1,1,2,0,0,0,,,,
Ms4300,40,1657-1658,Ms4300/40/54,1657 10/15 novembre,1657-11-10/1657-11-15,4,297 x 200,cordelettes,parchemin,manuscrit,acte notarié,null,null,null,"""Arche, conseiller Bernard d' | Lur-Saluce, Honoré de | [...]""",Bordeaux,3,3,3,3,3,1,2,3,2,1,2,2,0,,,x,
Ms4300,40,1657-1658,Ms4300/40/55,1657 12 9bre,1657-11-12,10,260 x 180,réliure artisanal,papier,manuscrit,acte notarié,null,null,null,"""Lur-Saluce, Honoré de | [Saint-Maur], Isabelle de""",Caudrot,3,1,3,2,3,0,1,1,3,3,2,0,2,,,,
Ms4300,40,1657-1658,Ms4300/40/56/1,XIX siècle,1800-1899,2,265 x 224,pochette du XIX siècle en protéction du Ms4300/40/56/2,papier,manuscrit,document d'archive,null,null,null,[...],null,null,null,null,null,null,null,null,null,null,null,null,null,null,,,,
Ms4300,40,1657-1658,Ms4300/40/56/2,1657 nov 22,1657-11-22,2,245 x 175,null,papier,manuscrit,lettre,null,null,null,"""[Pontac de Haut-Brion], premier président [Arnaud de] | Ferran, [?]""",Bordeaux,3,3,3,3,3,0,1,1,1,1,2,0,0,,,,
Ms4300,40,1657-1658,Ms4300/40/57,1657 26 9bre,1657-11-26,4,252 x 183,réliure artisanal,papier,manuscrit,contrat,339,Bail d'une maison a Bx. par Anne de Massiot,null,"""Massiot, présidente Daffis Anne de | Daffis, président Jean | [Norry], François de | Thomas, Elie""",Bordeaux | Guyenne | Puy-Pauline (Bordeaux) | Taillebourg | saint-Pierre (Bordeaux) | Rue Maucoudinat (Bordeaux) | rue d'Enfer (des bahutiers) | rue du Petit-Judas (des Bahutiers) | rue du Cerf-Volant (Bordeaux),1,2,3,3,1,0,2,0,2,3,2,0,0,,,,
Ms4300,40,1657-1658,Ms4300/40/58,1657 9bre,1657-11,2,280 x 182,null,papier,manuscrit,contrat,339,"""Sommation a la requête de Louise de Thou, [...] d'Arnaud de Pontac, au receveur des consignations d'avoir a lui payé 4000 lt""",de Thou | de Pontac,"""Thou, [première présidente de Pontac Gabrielle] Louise de | Pontac [de Haut-Brion], premier président Arnaud de""",Bordeaux,1,2,2,0,1,0,1,0,2,1,0,0,2,,,,
Ms4300,40,1657-1658,Ms4300/40/59,1657 dec 22,1657-12-22,2,246 x 170,cachet de cire rouge,papier,manuscrit,lettre,null,null,null,"""[Le Comte] de La Tresne, président [Jacques] | [Vioux], [?] de""",[Vioux] | Bordeaux,2,2,0,3,1,0,1,1,1,1,2,0,0,,,,
Ms4300,40,1657-1658,Ms4300/40/60,1657,1657,6,354 x 246,null,papier,manuscrit,memoire,339,null,null,"""Pontac [de Haut-Brion], premier président [Arnaud de] | [Le Comte] de La Tresne, président [Jacques] | Pontac [d'Anglade, François] de | [Thou], première présidente de Pontac [Gabrielle Louise de] | [Pontac de Haut-Brion], d'Aulède [Marie-Thérèse de] | Thou, [conseiller Jacques-Auguste] de | Pot, de Stuart Jacqueline | Stuart, Paul""",Paris | Bordeaux,1,2,1,2,0,0,2,0,2,1,0,0,0,,,,x
Ms4300,40,1657-1658,Ms4300/40/61,1657 ?,1657,30,377 x 240,null,papier,manuscrit,cronaca,339,Réponse de Jacques Le Comte contre la requête des [...] d'Anne La Motte,La Motte | Le Comte,"""Le Comte de La Tresne, président Jacques | Le Comte, [président] Jean | Pontac [d'Anglade], François de | Mérignac, [de Vacquey de Pontac] Guyonne de | Pontac d'Anglade, Gabriel de | Ségur [de Francs], Guyonne de | Lamothe, [de Ségur de Mandosse] Anne de | Mandosse, François de | Ségur [de Francs], Jacquette de | Ségur [de Francs], François de""",Bordeaux | Cénac | Latresne | Monfaucon | La-Motte-saint-André | Fourens,1,3,2,2,2,0,2,0,2,2,1,0,0,,,,
Ms4300,40,1657-1658,Ms4300/40/62,1657,1657,26,255 x 194,réliure artisanal,papier,manuscrit,memoire,339,null,null,"""Le Grand, Pierre | [...]""",Bordeaux,1,2,2,2,1,0,1,1,2,2,2,0,0,,,,
Ms4300,40,1657-1658,Ms4300/40/63,1658 2 janv,1658-01-02,1,280 x 173,null,papier,manuscrit,requête,339,"""Requête au Parlt. de Bordx. par Jacques Le Comte, contre Marg.tte de Ferron, [...] Gabriel de Pontac""",,"""Ferron [de Carbonnieux, de Pontac] Marguerite de | Lamothe, [de Ségur de Mandosse] Anne de | Le Comte [de La Tresne], président Jacques""",null,3,3,3,2,1,0,2,1,2,1,0,0,0,,,,
Ms4300,40,1657-1658,Ms4300/40/64,1658 3 janv,1658-01-03,6,243 x 182,timbre,papier,manuscrit,contrat,339,"""Trans.on entre Daniel de Tustal, d'une part, et Hector de Clermont et Ester de Tustal, d'autre part, à propos de la succession d'Eléazar de Tustal",de Tustal | de Clermont,"""Tustal, [Esther] de | [Cle...], [Hector] de | Tustal, Catherine de | Tustal, Daniel de | Tustal de Calamiac, Eléazar de | La Place, [Sibille] de | [...]""",Bordeaux,1,2,0,2,1,0,2,1,2,3,2,0,0,,,,
Ms4300,40,1657-1658,Ms4300/40/65,1658 3 janv,1658-01-03,4,227 x 176,copie du document Ms4300/40/64,papier,manuscrit,contratto,null,null,null,"""Tustal, [Esther] de | [Cle...], [Hector] de | Tustal, Catherine de | Tustal, Daniel de | Tustal de Calamiac, Eléazar de | La Place, [Sibille] de | [...]""",Bordeaux,1,2,0,2,1,0,2,2,3,3,0,0,0,,,,
Ms4300,40,1657-1658,Ms4300/40/66,1658 4 janv,1658-01-04,2,180 x 128,null,papier,manuscrit,quittance,339,"""Reçu de la [...] du couvent de st. Dominique, d'un loyer de maison""",St. Dominique (couvent),"""Galibert, [Pierre] | La Trinité, Marguerite de""",couvent des dominicains (Bordeaux),1,1,0,2,1,0,1,0,2,2,0,0,0,,,,x
Ms4300,40,1657-1658,Ms4300/40/67,1658 janv 7,1658-01-07,2,242 x 180,cachet de cire rouge,papier,manuscrit,lettre,null,null,null,"""[Lalanne de] Rouaillon, [Alphonse] de | [Gaillard] de Saint-Dizant, [Gabriel]""",Bordeaux | Rue de Fosses (Bordeaux) | La Rochelle,1,2,2,3,0,0,2,1,2,1,2,0,0,,,,
Ms4300,40,1657-1658,Ms4300/40/68/1,XIX siècle,1800-1899,2,243 x 222,pochette du XIX siècle en protéction du Ms4300/40/68/2,papier,manuscrit,document d'archive,null,null,null,[...],null,null,null,null,null,null,null,null,null,null,null,null,null,null,,,,
Ms4300,40,1657-1658,Ms4300/40/68/2,1658 16 janv,1658-01-16,2,312 x 207,cachet de cire rouge,papier,manuscrit,lettre,null,null,null,"""La Vrillière, [?] de""",Bordeaux | Guyenne | [Paris],3,2,0,2,3,0,1,1,1,2,2,0,0,,,,
Ms4300,40,1657-1658,Ms4300/40/69/1,26 janvier 1658,1658-01-26,1,247 x 185,null,papier,manuscrit,acte notarié,339,"""Transaction portant partage entre les fils de Jean Bernard, de [B...]""",Bernard | [B...],"""Monteil, Micheau | Bernard Marguerite | Bernard, Pierre (3) | Bernard, Jeanne""",null,0,2,1,2,1,0,1,2,2,1,2,0,0,,,,
Ms4300,40,1657-1658,Ms4300/40/69/2,7 mars 1658,1658-03-07,4,247 x 190,null,papier,manuscrit,acte notarié,null,null,null,"""Bernard, Jeanne | [Raimond], Pierre | Bernard, Jean | [Goisset], Catherine | Bernard, Marguerit[t]e | Monteil, Micheau""",null,1,2,1,2,1,0,1,2,2,1,2,0,0,,,,
Ms4300,40,1657-1658,Ms4300/40/70,1658 29 janv,1658-01-29,2,246 x 180,null,papier,manuscrit,exploit,339,"""Exploit, a la requête de Jacques Le Comte, contre Romy, bourg.s de Bord.x""",Romy | Le Comte,"""[Roux], [?] | Le Comte [de La Tresne], président Jacques""",Bordeaux,0,1,1,2,0,0,2,1,2,1,2,0,0,,,,
Ms4300,40,1657-1658,Ms4300/40/71/1,1658 2 fevr,1658-02-02,2,305 x 191,null,papier,manuscrit,memoire,339,Memoire de la saisie de la terre de Chambret,Chambret,"""Pontac [de Haut-Brion], premier président Arnaud de | [Pierrebuffière, de Pierrebuffière marquise Françoise de]""",Chamberet | Châteauneuf-la-Forêt,3,1,1,3,3,0,2,3,2,2,2,0,0,,,,
Ms4300,40,1657-1658,Ms4300/40/71/2,27 novemb 1662,1662-11-27,2,180 x 128,null,papier,manuscrit,memoire,null,null,null,"""Soefue, [conseiller Claude] | [Pierrebuffière] de Chamberet, [marquis Henri de]""",Chamberet | Châteauneuf-la-Forêt,0,2,2,3,1,0,1,1,2,1,0,0,0,,,,
Ms4300,40,1657-1658,Ms4300/40/71/3,XVII siècle,1600-1699,1,246 x 165,null,papier,manuscrit,memoire,null,null,null,"""[Pierrebuffière, de Pierrebuffière marquise Françoise de] | [Pierrebuffière] de Chamberet, [marquis Henri de] | Soefue, [conseiller Claude]""",Chamberet | Châteauneuf-la-Forêt,0,2,2,3,1,0,1,1,2,1,0,0,0,,,,
Ms4300,40,1657-1658,Ms4300/40/72,1658 8 fevr,1658-02-08,1,246 x 180,null,papier,manuscrit,acte notarié,339,Requête par F.s du Boury contre Sarran de La Larme,du Boury | de La larme,"""Lalanne de Pommiers, Sarran de | Lalanne de Rouaillon, [Alphonse] de""",Paris,1,2,3,2,0,0,1,0,3,1,0,0,0,,,,
Ms4300,40,1657-1658,Ms4300/40/73/1,XIX siècle,1800-1899,2,284 x 223,pochette du XIX siècle en protéction du Ms4300/40/73/2,papier,manuscrit,document d'archive,null,null,null,[...],null,null,null,null,null,null,null,null,null,null,null,null,null,null,,,,
Ms4300,40,1657-1658,Ms4300/40/73/2,19 fevrier 1658,1658-02-19,2,226 x 169,Cachets de cire rouge,papier,manuscrit,lettre,null,null,null,"""[Nogaret] d'É[s]pernon, duc [Bernard de] | [Le Comte] de La Tresne, président [Jacques]""",Paris | Bordeaux,1,2,1,3,0,0,1,0,1,2,0,0,0,,,,
Ms4300,40,1657-1658,Ms4300/40/74,1658 20 fevrier,1658-02-20,24,290 x 216,timbre,parchemin,manuscrit,cronaca,340,[...] et dénombrement presenté par Arnaud de Pontac [...],de Pontac | [...] | [...] | [...],"""Pontac [de Haut-Brion], premier président Arnaud de | [Nogaret] d'É[s]pernon, duc [Bernard de] | Pontac [de Haut-Brion], Jean de | Gaillard de Saint-Dizant, Gabriel | [...]""",null,0,3,3,3,0,0,2,3,3,1,2,0,1,,,,
Ms4300,40,1657-1658,Ms4300/40/75,1658 fevr 24,1658-02-24,2,243 x 174,cachet de cire rouge,papier,manuscrit,lettre,null,null,null,"""[Gaillard] de Saint-Dizant, [Gabriel] | [Lalanne de] Rouaillon, [Alphonse] de""",rue de Fosses (Bordeaux) | Bordeaux,1,2,1,2,1,0,1,1,1,1,2,0,0,,,,
Ms4300,40,1657-1658,Ms4300/40/76,1658 fevr 28,1658-02-28,2,193 x 147,cachet de cire rouge,papier,manuscrit,lettre,null,null,null,"""[Le Comte] de La Tresne, président [Jacques] | [Forlon], [?] de""",Bordeaux,2,2,2,3,1,0,1,1,1,0,0,0,0,,,,
Ms4300,40,1657-1658,Ms4300/40/77,1658 2 mars,1658-03-02,8,305 x 206,codelette,parchemin,manuscrit,arrêt,340,Condamnation de Pierre de Gabarret fermier des marais d'Oleron pour [...] commis contre Mr de Marran,Gabarret | Oleron | de Marran,"""Marans, conseiller Jean de | Marans, conseiller Jean-Joseph de | Gabarret de La Gombaudière, Pierre | [...]""",Saint-George-d'Oléron | Toulouse | Bordeaux,1,3,2,2,1,0,1,3,2,1,2,0,1,,,,
Ms4300,40,1657-1658,Ms4300/40/78,1658 7 mars,1658-03-07,6,250 x 185,null,papier,manuscrit,acte notarié,340,"Partage des [...] de la famille Bernard, a [B...]",[B...],"""Bernard, Jeanne | [Raimond], Pierre | Bernard, Jean | [Goisset], Catherine | Bernard, Marguerit[t]e | Monteil, Micheau""",null,1,2,1,2,1,0,2,1,2,1,2,0,0,,,,
Ms4300,40,1657-1658,Ms4300/40/79,1658 8 mars,1658-03-08,2,248 x 180,timbre en mauvais état,papier,manuscrit,acte notarié,null,null,null,"""Ardoin de La Calmette, Marc d' | Fabrique, d'Ardoin [Marguerite] | La Roche, conseiller [?] de | Pichon [de Longueville], président [Bernard] de | [...]""",La Calmette | Guyenne,3,2,2,3,1,0,2,0,2,3,0,0,0,,,,
Ms4300,40,1657-1658,Ms4300/40/80,1658 mars 17,1658-03-17,2,204 x 159,cachet de cire rouge,papier,manuscrit,lettre,null,null,null,"""Grillon, conseiller [André?] | [Lalanne] de Rouaillon, [Alphonse de] | [...]""",Bordeaux | Saintes,3,3,3,3,1,0,0,0,2,1,0,0,0,,,,
Ms4300,40,1657-1658,Ms4300/40/81,1658 18 mars,1658-03-18,6,250 x 193,null,papier,manuscrit,inventaire,340,Memoire des objects aux chateaux du Luc et de La Motte,Le Luc | La Motte,"""Distis, [?] | Le Comte de La Tresne, président [Jacques]""",La Motte saint-André | ...,1,1,1,2,1,0,1,1,2,1,0,0,0,,,,
Ms4300,40,1657-1658,Ms4300/40/82,1658 21 mars,1658-03-21,8,238 x 190,null,papier,manuscrit,contrat,340,Revente de la terre de St. Louis au Perigord par Marie de Ferrand a Mr de [...] du Longa,St. Louis | Perigord | de Ferrand | de [...] Longa,"""Ferrand, [de Taillefer] vicomtesse Marie | [...]""",Perigord | Roussille,1,2,1,3,2,0,2,0,1,1,1,0,0,,,,
Ms4300,40,1657-1658,Ms4300/40/83,1658 mars 24,1658-03-24,2,225 x 164,cachet de cire rouge,papier,manuscrit,lettre,null,null,null,"""[Le Comte] de La Tresne, président [Jacques] | Daffis, président [Jean] | [Massiot], présidente Daffis [Anne de] | [Descordes, presidènte Daffis Marie] | [Daffis, de Jumilhac Marie de] | [Jumilhac, François-Chapelle de]""",Jumilhac-Le-Grand | Bordeaux,0,2,2,3,0,0,1,0,2,2,0,0,0,,,,
Ms4300,40,1657-1658,Ms4300/40/84,1658 10 avril,1658-04-10,2,230 x 174,null,papier,manuscrit,inventaire,340,[...] chez le vigneron de Salles,Salles,"""[Pontac [de Haut-Brion], premier président Arnaud de]""",Salles,1,1,2,2,1,0,2,1,2,2,2,0,0,,,,
Ms4300,40,1657-1658,Ms4300/40/85,1658 avril 11,1658-04-11,2,221 x 170,cachet de cire rouge,papier,manuscrit,lettre,null,null,null,"""[Le Comte] de La Tresne, président [Jacques] | Larcher, présidente de Gourgue [Marie] | Pontac [d'Anglade, François] de | [Mullet, d'Aulède de Lestonnac Catherine de] | Massiot, [Léonard] de""",Paris | Bordeaux,3,2,3,3,3,0,1,3,2,3,0,0,0,,,,
Ms4300,40,1657-1658,Ms4300/40/86,1658 12 avril,1658-04-12,1,127 x 170,null,papier,manuscrit,acte notarié,340,Convocation de Jean Hélery pour voir mettre a [...] Antoine Helery des [...] du d. Jean,Helery,[...],null,0,1,2,3,1,0,1,1,2,0,0,0,0,,,,
Ms4300,40,1657-1658,Ms4300/40/87,1658 8 mai,1658-05-08,2,252 x 185,null,papier,manuscrit,lettre de change,340,Promesse par Jean d'Allegret a Mr d'Anglades de lui payer la somme de 84 lt,d'Allegret | d'Anglade,"""[Pontac] d'Anglade, [François de] | Allegret, de La Chassaigne [Isabeau] d'""",Bordeaux,1,2,1,2,1,0,1,1,1,1,0,0,0,,,,
Ms4300,40,1657-1658,Ms4300/40/89,1658 13 mai,1658-05-13,12,255 x 185,null,papier,manuscrit,acte judiciaire,340,"""Procès entre Mr de Marran, [...] de St. Georges d'Oleron, et Pierre Gabarret à propos des salines""",Oleron | du Marran | Gabarret,"""Marans, conseiller Jean de | Marans, conseiller Jean-Joseph de| Gabarret de La Gombaudière, Pierre | Chasseloup, Jean | [...]""",Saint-George-d'Oléron | Saintes,1,2,1,2,2,0,1,0,3,3,1,0,0,,,,
Ms4300,40,1657-1658,Ms4300/40/90/1,13 mai 1658,1658-05-13,1,169 x 287,cordelette rouge,parchemin,manuscrit,acte judiciaire,340,Arrêt [condamn...] Pierre du Périer a [...] de Jacques Le Comte,du Périer | Le Comte,"""Le Comte de La Tresne, président Jacques | Périer de l'Isle Fort, Pierre du |Périer de Larsan, Germain du | La Beylie, Jean de | Peleau, [conseiller Jean] | Nesmond, président [Henri de]""",Bordeaux | Paris,1,3,1,3,0,0,1,2,3,0,1,0,0,,,,
Ms4300,40,1657-1658,Ms4300/40/90/2,1663 11 janv,1663-01-11,1,105 x 195,cordelette rouge,parchemin,manuscrit,acte notarié,null,null,null,"""Le Comte de La Tresne, président François-Arthus | Périer de l'Isle Fort, Pierre du""",Bordeaux,0,2,1,2,0,0,1,2,3,1,1,0,0,,,,
Ms4300,40,1657-1658,Ms4300/40/91,1658 15 mai,1658-05-15,2,237 x 186,null,papier,manuscrit,memoire,340,Remises de pièces par la proc.r de [Romain] de la Vergne a celui de Mr Le Comte,Le Comte | de la Vergne,"""Le Comte de La Tresne, président François-Arthus | [La Vergne], Romain de | [...]""",Bordeaux,0,2,1,2,0,0,1,1,1,1,0,0,0,,,,
Ms4300,40,1657-1658,Ms4300/40/92,1658 17 mai,1658-05-17,4,306 x 190,null,papier,manuscrit,requête,340,Requête en opposition [...] par Fr. Carrière sur la [...],Carrière,"""Carrière, François | [...]""",Guyenne,3,1,0,2,2,0,1,1,3,3,0,0,0,,,,
Ms4300,40,1657-1658,Ms4300/40/93,1658 mai,1658-05,1,253 x 176,null,papier,manuscrit,lettre de change,340,Lettres [roya...] en faveur d'Anne de Massiot,de Massiot,"""Massiot, [présidente Daffis] Anne de | Daffis, président Jean""",Bordeaux,3,1,1,2,2,0,1,1,1,1,2,0,0,,,,
Ms4300,40,1657-1658,Ms4300/40/94,1658 8 juin,1658-06-08,12,283 x 181,depôts de rouille,papier,manuscrit,contrat,null,null,null,"""Pierrebuffière, de Fabas Marthe de | Fabas de Castels, Jean de | Gaultier, [de Fabas] Catherine de | Gaultier de Camiran, François de | Fabas, [de Viçoise de Gontaud de Laurière] Marie de | Favas, [de Caumont de Bassabat] Jeanne de | Caumont, Pierre de | Fabas, [de Bouzet] Bertrande de | [...]""",Bordeaux,1,2,1,2,2,0,1,0,2,2,1,0,0,,,,
Ms4300,40,1657-1658,Ms4300/40/95,1658 juin 20,1658-06-20,2,256 x 183,null,papier,manuscrit,lettre,null,null,null,"""[Pontac de Haut-Brion], premier président [Arnaud de] | Bellay, [?] de | Masières, [?] de""",Toulouse,3,2,1,2,1,0,1,0,2,3,0,0,0,,,,
Ms4300,40,1657-1658,Ms4300/40/96,1658 22 juillet,1658-07-22,1,245 x 181,null,papier,manuscrit,billiet,null,null,null,[...],null,1,1,1,3,0,0,2,0,2,1,0,0,0,,,,
Ms4300,40,1657-1658,Ms4300/40/97/1,1658 6 aout,1658-08-06,1,249 x 182,cordelette jaune,papier,manuscrit,acte judiciaire,341,Procès entre Jacques Le Comte et les fermiers du domain à propos de [...] a Tresses,Tresses | Le Comte,"""Lacoste, [Bertrand de] | Le Comte de La Tresne, président Jacques""",Bordeaux,2,2,2,3,3,0,2,1,2,1,2,0,0,,,,
Ms4300,40,1657-1658,Ms4300/40/97/2,1661 14 juin,1658-06-14,2,254 x 189,cordelette jaune,papier,manuscrit,acte judiciaire,341,Procès entre Jacques Le Comte et les fermiers du domain à propos de [...] a Tresses,Tresses | Le Comte,"""Lacoste, Bertrand de""",Bordeaux,1,2,1,2,2,0,1,2,2,0,2,0,0,,,,
Ms4300,40,1657-1658,Ms4300/40/97/3,XVII siècle,1600-1699,1,248 x 187,cordelette jaune,papier,manuscrit,acte judiciaire,341,Procès entre Jacques Le Comte et les fermiers du domain à propos de [...] a Tresses,Tresses | Le Comte,"""Lacoste, [Bertrand de]""",null,1,1,1,2,0,0,1,1,2,0,1,0,0,,,,
Ms4300,40,1657-1658,Ms4300/40/97/4,1667 7 mars,1667-03-07,2,247 x 185,cordelette jaune,papier,manuscrit,acte judiciaire,341,Procès entre Jacques Le Comte et les fermiers du domain à propos de [...] a Tresses,Tresses | Le Comte,"""Lacoste, Bernard [de] | Le Comte [de La Tresne], président François-Arthus | [...]""",Bordeaux,1,2,2,2,0,0,1,1,2,1,2,0,0,,,,
Ms4300,40,1657-1658,Ms4300/40/97/5,1667 16 mars,1667-03-16,2,250 x 185,cordelette jaune,papier,manuscrit,requête,341,Procès entre Jacques Le Comte et les fermiers du domain à propos de [...] a Tresses,Tresses | Le Comte,"""Lacoste, Bertrand [de] | Le Comte de La Tresne, [premier] président Jean[-Baptiste] | [...]""",Guyenne | Bordeaux,1,1,2,2,1,0,1,3,2,1,2,0,0,,,,
Ms4300,40,1657-1658,Ms4300/40/97/6,1667 18 aout,1667-08-18,2,250 x 188,cordelette jaune,papier,manuscrit,acte notarié,341,Procès entre Jacques Le Comte et les fermiers du domain à propos de [...] a Tresses,Tresses | Le Comte,"""Lacoste, Bertrand [de] | Le Comte de La Tresne, [premier] président Jean[-Baptiste] | [...]""",Bordeaux,1,1,1,2,2,0,1,1,2,1,2,0,0,,,,
Ms4300,40,1657-1658,Ms4300/40/97/7,XVII siècle,1600-1699,2,261 x 185,cordelette jaune | dessins,papier,manuscrit,memoire,341,Procès entre Jacques Le Comte et les fermiers du domain à propos de [...] a Tresses,Tresses | Le Comte,"""Lacoste, [Bertrand de]""",null,3,3,3,3,2,0,1,0,3,1,2,0,0,,,,
Ms4300,40,1657-1658,Ms4300/40/97/8,XVII siècle,1600-1699,1,173 x 250,cordelette jaune | dessins,papier,manuscrit,dessin,341,Procès entre Jacques Le Comte et les fermiers du domain à propos de [...] a Tresses,Tresses | Le Comte,[...],null,1,2,1,2,1,0,1,0,2,1,2,0,0,,,,
Ms4300,40,1657-1658,Ms4300/40/98,1658 aout 19,1658-08-19,1,256 x 177,null,papier,manuscrit,lettre,null,null,null,[...],Cap-Breton,1,2,1,2,1,0,1,0,2,2,0,0,0,,,,
Ms4300,40,1657-1658,Ms4300/40/99,7 septemb 1658,1658-09-07,2,240 x 176,null,papier,manuscrit | stampa,arrêt,341,"""Arrêt du conseil du roi entre Catherine de Laman e des Tauzia, pour lequel Charles de Tauzia est condamné""",de Laman | Tauzia,"""Caumont, Jacques[-Nompar] de |La Regondie, Guy de | Pierrebuffière, [de Pierrebuffière marquise] Françoise de | Pierrebuffière de Chamberet, marquis Henri de | Pierrebuffière, [de Pierrebuffière de Ferrières] Marguerite de | Pontac [de Haut-Brion, premier président] Arnaud de | [Pierrebuffière], de Fabas [Marthe de] | Castelnau, Jacques de | [Castelnau, de Pierrebuffière] de Thurin [Marie de] | Ferrières de Sauvebœuf, Charles-Anthoine de | Favas, de Caumont [de Bassabat] Jeanne de | Pierrebuffière, Charles de""",Châteauneuf-la-Forêt | Chamberet | Peyrat-le-Château | Paris,1,2,1,2,1,0,1,0,2,3,0,0,0,,,x,x
Ms4300,40,1657-1658,Ms4300/40/100,1658 26 7bre,1658-09-26,2,249 x 185,null,papier,manuscrit,arrêt,[341],"""[Arrêt du conseil du roi entre Catherine de La Nan et les Tauzia, pour lequel Charles Tauzia est condamné]""",de La Nan | Tauzia,[...],Bordeaux,0,2,3,3,1,0,1,0,2,3,0,0,0,,,x,
Ms4300,40,1657-1658,Ms4300/40/101,1658 4 8bre,1658-10-04,2,252 x 175,null,papier,manuscrit,memoire,341,Enquête à propos d'une bataille dans une auberge de Belìn,Belìn,"""Lafon, Pierre | [...]""",null,0,2,0,2,1,0,2,1,2,1,0,0,0,,,,
Ms4300,40,1657-1658,Ms4300/40/102,1658 5 8bre,1658-10-05,2,292 x 195,null,papier,manuscrit,acte notarié,341,Transport fait au [...] de Chambret,Chambret,"""Soefue, conseiller Claude | Lanoaille, juge de Chamberet François | [...]""",Chamberet | Paris | Bordeaux,1,2,2,3,1,0,2,2,2,1,1,0,0,,,,
Ms4300,40,1657-1658,Ms4300/40/103,1658 oct 6,1658-10-06,2,220 x 165,null,papier,manuscrit,lettre,null,null,null,"""Larcher, présidente de Gourgue [Marie] | [Le Comte] de La Tresne, président [Jacques] | [Bourbon-]Conti, [Armand] de | La Vrillière, [?] de | [Mazzarino], cardinal [Giulio Raimondo]""",Paris | Bordeaux,3,3,3,3,3,0,1,2,2,1,0,0,0,,,,
Ms4300,40,1657-1658,Ms4300/40/104,1658 13 8bre,1658-10-13,2,221 x 164,null,papier,manuscrit,lettre,null,null,null,"""Larcher, présidente de Gourgue Marie | [Le Comte de La Tresne, président Jacques] | [Mullet, d'Aulède de Lestonnac Catherine de] | [Aulède de Lestonnac, Jean-Denis d'] | Gourgue, [président Jean] de""",Paris | [Bordeaux],3,3,3,3,3,0,2,3,2,1,2,0,0,,,,
Ms4300,40,1657-1658,Ms4300/40/105,1658 25 8bre,1658-10-25,1,211 x 203,null,papier,manuscrit,acte notarié,341,Procuration par Fr. de Pontac pour le remplacer au parlt. de Paris au procès [...] Jacques Le Comte,Pontac | Le Comte,"""Pontac d'Anglade, François de | Le Comte [de La Tresne], [président] Jacques | [Allegret], de La Chassaigne [Isabeau d']""",Guyenne | Paris,1,2,1,2,3,0,2,0,2,1,2,0,0,,,,
Ms4300,40,1657-1658,Ms4300/40/106,1658 27 8bre,1658-10-27,2,255 x 181,null,papier,manuscrit,inventaire,341,Estimation du betail de la métaire de Salles,Salles,"""[Pontac de Haut-Brion], premier président [Arnaud de] | [...]""",Salles,1,2,0,2,2,0,1,0,1,2,1,0,0,,,,
Ms4300,40,1657-1658,Ms4300/40/107,1658 2 9bre,1658-11-02,2,257 x 185,null,papier,manuscrit,contrat,341,Vente par Mr de Pontac d'un [...] a Salles,Salles | de Pontac,"""[Pontac de Haut-Brion], premier président [Arnaud de] | [Laville], Jean de | [Lalande], Jean de""",Guyenne | Salles,0,2,1,2,1,0,1,0,2,3,0,0,0,,,,
Ms4300,40,1657-1658,Ms4300/40/108,1658 nov 12,1658-11-12,2,225 x 163,null,papier,manuscrit,lettre,null,null,null,"""Larcher, présidente de Gourgue M[arie] | [Le Comte] de La Tresne, président [Jacques]""",Paris | Bordeaux,3,3,3,3,3,0,2,2,2,1,2,0,0,,,,
Ms4300,40,1657-1658,Ms4300/40/109,1658 21 9bre,1658-11-21,2,172 x 115,null,papier,manuscrit,lettre,null,null,null,"""[Rober...], [?] | Le Comte [de La Tresne], président [Jacques]""",Paris | Bordeaux,1,2,2,3,1,0,1,0,2,2,0,0,0,,,,
Ms4300,40,1657-1658,Ms4300/40/110,1658 1r xbre,1658-12-01,2,255 x 178,null,papier,manuscrit,acte notarié,341,Obligation d'une somme de 1800 lt par Mr de Gourdet a Mr de La Larme,de Gourdet | de La Larme,"""Lalanne de Rouaillon, Alphonse de | Gourdet, Pierre de | Grillon, [conseiller] [André?]""",Bourges | Bordeaux | Guyenne,1,2,1,2,0,0,1,0,2,3,2,0,0,,,,
Ms4300,40,1657-1658,Ms4300/40/111/1,16 decembre 1658,1658-12-16,6,310 x 215,null,papier,manuscrit,requête,341,"""Requete d'Elie Vergnol contre la succession de Mr Montporullan, tous [...] anciens farmiers de Montravel""",Vergnol | Montporullan | Montravel,"""Vergniot, Pierre | Vergniot, Elie | Montpouillan, Bertrand de | [...]""",Montravel | Bordeaux | Libourne,1,2,2,3,2,0,2,1,2,2,0,0,0,,,,
Ms4300,40,1657-1658,Ms4300/40/111/2,1659 19 aout,1658-08-19,1,250 x 183,null,papier,manuscrit,acte notarié,null,null,null,"""Montpouillan, [Bertrand] de | Vergniot, Pierre | [...]""",Guyenne,0,2,0,2,1,0,2,1,2,0,0,0,0,,,,
Ms4300,40,1657-1658,Ms4300/40/112,1658,1658,6,260 x 188,null,papier,manuscrit,inventaire,341,Dispins adjougé a Anne de Massiot contre Arnaud [...],de Massiot,"""Massiot, [présidente] Daffis Anne de | Daffis, président Jean | [...]""",Guyenne,3,2,2,2,3,0,2,2,2,2,2,0,0,,,x,
Ms4300,40,1657-1658,Ms4300/40/113,vers 1658,1658,12,278 x 186,null,papier,manuscrit,inventaire,341,Inventaire de [p... f...] par Jean Servant curqteur de la succession d'Anne de la Motte contre [...] de Gl. de Pontac ,de La Motte | de Pontac,"""Bosquillon, [Noël] | Ferron [de Carbonnieux], [de Pontac] Marguerite de | Pontac d'Anglade, Gabriel de | Pontac [d'Anglade], François de | Le Comte [de La Tresne], président Jacques | Lamothe, [de Ségur de Mandosse] Anne de | Mérignac, [de Vacquey de Pontac] Guyonne de""",Bordeaux,2,2,2,2,1,0,1,0,2,2,0,0,0,,,,
Ms4300,40,1657-1658,Ms4300/40/114/1,1658,1658,2,305 x 195,cordelette rose,papier,manuscrit,acte notarié,341,Pièces d'un procès entre Arnaud de Pontac et [...] de Pierre-buffieres,de Pierre-Buffieres | de Pontac,"""Pierrebuffière, [de Pierrebuffière marquise] Françoise de | Pierrebuffière de Chamberet, marquis Henri de | Pontac [de Haut-Brion], premier président Arnaud de | [...]""",Guyenne | Chamberet,3,2,2,2,3,0,2,0,2,1,2,0,0,,,,
Ms4300,40,1657-1658,Ms4300/40/114/2,XVII siècle,1600-1699,1,280 x 177,cordelette rose,papier,manuscrit,acte notarié,null,null,null,"""Pierrebuffière, [de Pierrebuffière marquise] Françoise de | [Pierrebuffière de Chamberet, marquis Henri de] | Pontac [de Haut-Brion], [premier président] Arnaud de | [...]""",Chamberet,3,2,2,2,3,0,2,0,2,1,2,0,2,,,,
Ms4300,40,1657-1658,Ms4300/40/114/3,XVII siècle,1600-1699,1,286 x 178,cordelette rose,papier,manuscrit,acte notarié,null,null,null,"""Pierrebuffière, [de Pierrebuffière] marquise Françoise de | Pierrebuffière, François de | Pontac [de Haut-Brion], premier président Arnaud de | [...]""",Bordeaux | Chamberet,3,1,1,2,3,0,2,0,2,1,2,0,2,,,,
Ms4300,40,1657-1658,Ms4300/40/114/4,XVII siècle,1600-1699,1,284 x 183,cordelette rose,papier,manuscrit,acte notarié,null,null,null,"""Pierrebuffière, [de Pierrebuffière marquise] Françoise de | Pierrebuffière [de Chamberet], [marquis] Henri de | Pontac [de Haut-Brion], premier président Arnaud de | [...]""",Guyenne | Chamberet,1,1,2,2,2,0,1,1,2,1,1,0,2,,,x,
Ms4300,40,1657-1658,Ms4300/40/114/5,XVII siècle,1600-1699,1,277 x 185,cordelette rose,papier,manuscrit,acte notarié,null,null,null,"""Pierrebuffière, [de Pierrebuffière marquise] Françoise de | Pierrebuffière de Chamberet, [marquis] Henri de | Pontac [de Haut-Brion], premier président Arnaud de | [...]""",Bordeaux | Chamberet,1,2,3,2,2,0,1,0,2,1,0,0,2,,,,
Ms4300,40,1657-1658,Ms4300/40/114/6,XVII siècle,1600-1699,2,280 x 186,cordelette rose,papier,manuscrit,acte notarié,null,null,null,"""Pierrebuffière, [de Pierrebuffière marquise] Françoise de | Pierrebuffière de Chamberet, [marquis] Henri de | Pontac [de Haut-Brion], premier président Arnaud de | [...]""",Bordeaux | Chamberet,0,2,3,2,2,0,1,0,2,1,0,0,2,,,,
Ms4300,40,1657-1658,Ms4300/40/114/7,1659,1659,1,76 x 183,cordelette rose,papier,manuscrit,acte notarié,null,null,null,"""Pontac [de Haut-Brion], [premier président] Arnaud de""",null,1,1,2,0,0,0,1,0,2,1,0,0,0,,,,
Ms4300,40,1657-1658,Ms4300/40/114/8,XVII siècle,1600-1699,1,280 x 185,cordelette rose,papier,manuscrit,acte notarié,null,null,null,"""Pierrebuffière, [de Pierrebuffière marquise] Françoise de | Pierrebuffière de Chamberet, [marquis] Henri de | Pontac [de Haut-Brion], [premier président] Arnaud de | [...]""",Chamberet,0,2,3,2,1,0,1,1,2,1,0,0,2,,,,
Ms4300,40,1657-1658,Ms4300/40/114/9,XVII siècle,1600-1699,2,306 x 203,cordelette rose,papier,manuscrit,acte notarié,null,null,null,"""Pierrebuffière, [de Pierrebuffière marquise] Françoise de | Pierrebuffière de Chamberet, [marquis] Henri de | Pontac [de Haut-Brion], premier président Arnaud de | [...]""",Bordeaux | Chamberet | Paris,3,2,3,2,3,0,1,3,2,1,0,0,2,,,,
Ms4300,40,1657-1658,Ms4300/40/114/10,XVII siècle,1600-1699,2,308 x 197,cordelette rose,papier,manuscrit,acte notarié,null,null,null,"""Pierrebuffière, [de Pierrebuffière marquise] Françoise de | Pierrebuffière de Chamberet, [marquis] Henri de | Pontac [de Haut-Brion], premier président Arnaud de | [...]""",Bordeaux | Chamberet,3,2,1,2,3,0,1,1,2,1,0,0,0,,,,
Ms4300,40,1657-1658,Ms4300/40/114/11,1659,1659,1,126 x 217,cordelette rose,parchemin,manuscrit,acte notarié,null,null,null,"""Pierrebuffière, [de Pierrebuffière marquise] Françoise de | Pierrebuffière de Chamberet, [marquis] Henri de | Pontac [de Haut-Brion], premier président Arnaud de | [...]""",Bordeaux | Chamberet,0,2,2,3,0,0,2,1,2,1,0,0,0,,,,
Ms4300,40,1657-1658,Ms4300/40/114/12,XVII siècle,1600-1699,4,292 x 252,cordelette rose,papier,manuscrit,acte notarié,null,null,null,"""Pierrebuffière, [de Pierrebuffière marquise] Françoise de | Pierrebuffière de Chamberet, marquis Henri de | Pontac [de Haut-Brion, premier président Arnaud de] | Favas, [de Caumont de Bassabat] Jeanne de | Caumont, Pierre de | [...]""",Chamberet,3,2,3,2,3,0,2,1,2,1,2,0,0,,,,
Ms4300,40,1657-1658,Ms4300/40/114/13,1658,1658,1,286 x 198,cordelette rose,papier,manuscrit,acte notarié,null,null,null,"""Pierrebuffière, [de Pierrebuffière marquise] Françoise de | Pierrebuffière de Chamberet, [marquis] Henri de | Pontac [de Haut-Brion], premier président Arnaud de | [...]""",Bordeaux | Chamberet,3,1,2,2,3,0,2,1,2,2,2,0,2,,,,
Ms4300,40,1657-1658,Ms4300/40/114/14,1658,1658,1,293 x 202,cordelette rose,papier,manuscrit,acte notarié,null,null,null,"""Pierrebuffière, [de Pierrebuffière marquise] Françoise de | Pierrebuffière de Chamberet, [marquis] Henri de | Pontac [de Haut-Brion], premier président Arnaud de | [...]""",Bordeaux | Chamberet,3,2,2,2,3,0,1,0,1,2,2,0,2,,,,
Ms4300,40,1657-1658,Ms4300/40/114/15,XVII siècle,1600-1699,2,285 x 197,cordelette rose,papier,manuscrit,acte notarié,null,null,null,"""Pierrebuffière, [de Pierrebuffière marquise] Françoise de | Pierrebuffière de Chamberet, marquis Henri de | Pontac [de Haut-Brion, premier président Arnaud de] | Favas, [de Caumont de Bassabat] Jeanne de | Caumont, Pierre de | [...]""",Bordeaux | Chamberet,2,2,2,2,2,0,1,1,2,1,1,0,2,,,,
,,,,,,,,,,,,,,,,,,,,,,,,,,,,,,,,,
Ms4300,41,1659,Ms 4300/41/1,1659 9 janvr,1659-01-09,1,274 x 181,null,papier,manuscrit,acte royal,342,Mandament du roi pour containdre Fr. de Pontac a payer a Jacques Le Comte la somme de 328 lt 16 s,de Pontac | Le Comte,"""Le Comte [de La Tresne], président Jacques | Pontac d'Anglade, François de | Pontac [d'Anglade], Gabriel de | Mérignac, [de Vacquey de Pontac] Guyonne de""",Bordeaux | Paris | Salles,0,2,2,2,2,0,2,0,0,0,0,0,0,,,,
Ms4300,41,1659,Ms 4300/41/2,1659 janv 12,1659-01-12,2,226 x 163,cachets de cire rouge,papier,manuscrit,lettre,null,null,null,"""Larcher, présidente de Gourgue M[arie] | [Le Comte] de La Tresne, président [Jacques] | [Aulède] de Lestonnac, [conseiller Pierre d'] | [Mazzarino], cardinal [Giulio Raimondo] | [...]""",Paris | Bordeaux,0,2,3,3,1,0,1,0,2,3,0,0,0,,,,
Ms4300,41,1659,Ms 4300/41/3,1659 janv 12,1659-01-12,2,219 x 178,cachets de cire rouge,papier,manuscrit,lettre,null,null,null,"""[Rober...], [?] | [Le Comte] de La Tresne, président [Jacques] | Mérignac, [de Vacquey de Pontac Guyonne de] | [...]""",Paris | Bordeaux,1,2,2,3,0,0,1,0,2,0,0,0,0,,,,
Ms4300,41,1659,Ms 4300/41/4,1659 18 janvr,1659-01-18,1,275 x 178,,papier,manuscrit,requête,342,Requête par Jacques Le Comte contre Marg.tte de Ferron,Le Comte | de Ferron,"""Le Comte [de La Tresne], président Jacques | Ferron [de Carbonnieux], [de Pontac] Marguerite de | Pontac d'Anglade, Gabriel de | Lamothe, [de Ségur de Mandosse] Anne de""",Bordeaux,2,2,0,2,1,0,1,1,2,1,0,0,0,,,,
Ms4300,41,1659,Ms 4300/41/5,1659 18 janv,1659-01-18,4,248 x 219,cordelette jaune,papier,manuscrit,requête,342,Requête d'Alphonse de La Lanne contre Gab.el Gaillard,Gaillard | de La Lanne,"""Lalanne de Rouaillon, Alphonse de | Tustal, de Lalanne Jeanne de | Gaillard de saint-Dizant, Gabriel de | [...]""",Bordeaux | Saint-Dizant-Du-Gua | Royan | Guyenne,1,2,1,2,2,0,2,0,3,3,0,0,0,,,,
Ms4300,41,1659,Ms 4300/41/6,22 janvier 1659,1659-01-22,1,129 x 351,,parchemin,manuscrit,acte notarié,342,Lettre en faveur [...] du Pierier pour assigner en garantie ceux qui lui avaient vendu la terre de Larsan,Larsan | du Périer,"""Périer de l'Isle Fort, Pierre du | Le Comte [de La Tresne], président Jacques""",Bordeaux,1,3,1,3,2,0,1,1,2,0,0,0,0,,,,
Ms4300,41,1659,Ms 4300/41/7,1659 23 janvr,1659-01-23,4,247 x 189,,papier,manuscrit,requête,342,Requête Par Pierre du Périer a propros de la maison de Larsan a lui vendu en [...] et dont Mr Le Comte reclame la mouvance,Larsan | du Périer | Le Comte,"""Périer de l'Isle Fort, Pierre du | Périer [de Larsan], Germain de | Le Comte [de La Tresne], président Jacques | [...]""",Larsan,3,1,1,2,1,0,1,0,2,1,0,0,0,,,,
Ms4300,41,1659,Ms 4300/41/8/1,1659 28 janvr,1659-01-28,2,296 x 185,cordelette rose et blanche,papier,manuscrit,acte notarié,342,[...] concernant l'imprisonnement du juge de Chambret,Chambret,"""Pierrebuffière, [de Pierrebuffière] marquise Françoise de | Sageau, Joseph de | Pontac [de Haut-Brion], premier président [Arnaud] de | [...]""",Bordeaux | Paris | Chamberet | Châteauneuf-la-Forêt,1,2,2,3,1,0,1,0,2,3,0,0,0,,,,
Ms4300,41,1659,Ms 4300/41/8/2,1659 28 mai,1659-05-28,2,296 x 195,cordelette rose et blanche,papier,manuscrit,acte judiciaire,342,[...] concernant l'imprisonnement du juge de Chambret,Chambret,"""Lanoaille, juge de Chambret [François de] | [...]""",Bordeaux | Paris | Limoges | Chamberet,2,2,2,3,2,0,1,0,2,1,0,0,0,,,,
Ms4300,41,1659,Ms 4300/41/8/3,1659 14 juin,1659-06-14,2,307 x 197,cordelette rose et blanche,papier,manuscrit,acte notarié,342,[...] concernant l'imprisonnement du juge de Chambret,Chambret,"""Lanoaille, juge de Chambret François [de] | [...]""",Bordeaux | Paris | Chamberet,1,2,3,3,1,0,1,0,2,3,2,0,0,,,,
Ms4300,41,1659,Ms 4300/41/9,1659 3 fevr,1659-02-03,1,71 x 192,peut-être partie d'un esnemble de documents,parchemin,manuscrit,arrêt,342,Arrêt entre Alphonse de La Lanne et Lancelot Gaillard,Gaillard | de La Lanne,"""Lalanne de Rouaillon, Alphonse de | Gaillard de Saint-Dizant, Lancelot""",Royan | Saint-Dizant-Du-Gua,1,2,1,1,1,0,1,2,3,0,0,0,0,,,,
Ms4300,41,1659,Ms 4300/41/10,1659 fevrier 19,1659-02-19,2,225 x 170,cachets de cire rouge,papier,manuscrit,lettre,null,null,null,"""Larcher, présidente de Gourgue M[arie] | [Le Comte] de La Tresne, président [Jacques] | [...]""",Paris | Bordeaux,1,2,2,3,0,0,1,1,2,3,2,0,0,,,,
Ms4300,41,1659,Ms 4300/41/11,1659 mars 2,1659-03-02,2,224 x 164,cachets de cire rouge,papier,manuscrit,lettre,null,null,null,"""[Rober...], [?] | [Le Comte de] La Tresne, président [Jacques] | Pontac [d'Anglade], [François] de""",Paris | Bordeaux,1,2,2,2,0,0,1,0,3,1,0,0,2,,,,
Ms4300,41,1659,Ms 4300/41/12,1659 mars 3,1659-03-03,2,226 x 176,cachets de cire rouge,papier,manuscrit,lettre,null,null,null,"""Le Comte, du Verges [Madelaine] | Verges, [?] du | La Tresne, de""",Ors | Bordeaux,1,3,3,3,0,0,1,0,2,1,0,0,0,,,,
Ms4300,41,1659,Ms 4300/41/13,9 mars 1659,1659-03-09,1,125 x 231,peut-être partie d'un ensemble de documents,parchemin,manuscrit,arrêt,342,Arrêt entre Arnaud de Pontac et Bernard de Sauvage,de Sauvage | de Pontac,"""Sauvage de Lamothe, Bernard | Pontac [de Haut-Brion], premier président Arnaud de""",Bordeaux,0,3,1,2,0,0,0,2,2,0,0,0,0,,,,
Ms4300,41,1659,Ms 4300/41/14,1659 mars 12,1659-03-12,2,225 x 178,cachets de cire rouge,papier,manuscrit,lettre,null,null,null,"""[Rober...], [?] | [Le Comte de] La Tresne, président [Jacques] | [Larcher], présidente de Gourgue [Marie]""",Paris | Bordeaux,1,2,3,3,0,0,1,0,3,3,0,0,0,,,,
Ms4300,41,1659,Ms 4300/41/15,1659 mars 30,1659-03-30,2,319 x 207,,papier,manuscrit,lettre,342,Lettre de Mr de La Vrillière a Mr de Pontac,de Pontac | de La Vrillière,"""La Vrillière, [?] de | [Pontac de Haut-Brion], p[remier] p[résident Arnaud de] | [Favas, de Caumont de Bassabat Jeanne de]""",Paris | Bordeaux,0,2,0,2,0,0,1,1,1,2,0,0,0,,,,
Ms4300,41,1659,Ms 4300/41/16,1659 7 avril,1659-04-07,1,252 x 187,,papier,manuscrit,acte notarié,342,Opposition fait par [Pey...] Perron entre le [...] d'un [proc...] d'une somme de 52 lt 26 s qui devait [Mr..] d'Allegret,Perron | d'Allegret,"""Allegret, [de La Chassaigne Isabeau d'] | Perron, [Peyronne] | La Chassaigne, [Joseph] de | [...]""",Bordeaux | Guyenne,1,2,3,2,0,0,1,1,2,3,2,0,0,,,,
Ms4300,41,1659,Ms 4300/41/17/1,1659 10 avril,1659-04-10,1,254 x 185,cordelette rose,papier,manuscrit,communication,342,Procuration par Louise de Thou pour payer a Mr de Villièrs un [...] a lui fait par Mr du Bellay,de Thou | de Villièrs | du Bellay,"""Thou, [première présidente] de Pontac [Gabrielle] Louise de | Pontac [de Haut-Brion], premier président Arnaud de | Bellay, [?] de | Villiers, [...] de | [...]""",Guyenne | Bordeaux,0,0,1,2,1,0,0,0,2,1,0,0,0,,,,
Ms4300,41,1659,Ms 4300/41/17/2,XVII siècle,1600-1699,1,282 x 199,corrdelette rose,papier,manuscrit,acte notarié,null,null,null,"""Thou, [conseiller Jacques-Auguste] de | [Thou], [première présidente] de Pontac [Gabrielle Louise de] | Viliers, [?] de | Bellay, [?] de | [...]""",Bordeaux,1,2,1,2,1,0,1,1,0,0,0,0,0,,,,
Ms4300,41,1659,Ms 4300/41/18,1659 avril 30,1659-04-30,2,225 x 170,,papier,manuscrit,lettre,null,null,null,"""Larcher, présidente de Gourgue M[arie] | [Le Comte de La Tresne, président Jacques] | [Bourbon-]Conti, [Armand de]""",Paris | Grenoble,2,0,2,2,0,0,2,2,3,1,2,0,0,,,,
Ms4300,41,1659,Ms 4300/41/19,1659 mai 1,1659-05-01,2,179 x 127,,papier,manuscrit,lettre,null,null,null,"""Allegret, [de La Chassaigne] I[sabeau] d' | [Pontac] d'Anglade, [François de]""",Curton | Paris,0,2,1,2,2,0,1,0,2,1,0,0,0,,,,
Ms4300,41,1659,Ms 4300/41/20,1659 mai 3,1659-05-03,2,321 x 220,,papier,manuscrit,lettre,342,Lettre de Me de La Vrillière a Mr de Pontac [...] le lieutenant général de Bayonne,de La Vrillière | de Pontac | Bayonne,"""La Vrillière, [?] de | Pontac [de Haut-Brion], p[remier] p[résident Arnaud] de | […]""",Bayonne | Paris | Bordeaux,0,2,0,2,0,0,2,0,1,1,0,0,0,,,x,x
Ms4300,41,1659,Ms 4300/41/21/1,1659 5 mai,1659-05-05,2,252 x 190,,papier,manuscrit,exploit,342,[...] pour Jean Le Comte,Le Comte,"""Loyac, conseiller Jean de | Loyac de [Beau...], Pierre-Jacques de | Gourgue, premier président Marc-Antoine de | Bernet, premier président Joseph du | Le Comte [de La Tresne], premier président Jacques |Tarneau, président François de | [...]""",Bordeaux | [Beau...],0,1,0,2,1,0,1,1,2,1,1,0,2,,,,
Ms4300,41,1659,Ms 4300/41/21/2,1659 27 mai,1659-05-27,2,253 x 189,,papier,manuscrit,exploit,342,"""Assignation par Mr de Loyac a de Tarneau d'avoir a lui payer une somme de 1280 lt, [pret...] par son père""",Loyac | de Tarneau,"""Loyac, conseiller Jean de | Loyac de [Beau...], Pierre-Jacques de | Gourgue, premier président Marc-Antoine de | Bernet, premier président Joseph du | Le Comte [de La Tresne], premier président Jacques |Tarneau, président François de | Secondat de Montesquieu, président Jean-Gaston de | Le Comte de La Tresne, président François-Arthus | Mullet, [d'Aulède de Lestonnac] Catherine de | Aulède de Lestonnac, conseiller Pierre d' | [...]""",La Rochelle | Bordeaux,0,1,0,2,1,0,1,1,2,1,2,0,2,,,x,x
Ms4300,41,1659,Ms 4300/41/22,1659 mai 7,1659-05-07,2,186 x 128,,papier,manuscrit,lettre,null,null,null,"""Le Comte [de La Tresne], président [Jacques] |Distis, [?]""",Latresne | Bordeaux,1,1,1,2,1,0,0,1,2,1,0,0,0,,,,
Ms4300,41,1659,Ms 4300/41/23,1659 mai 17,1659-05-17,2,256 x 182,,papier,manuscrit,contrat,343,Afferme des rentes de la maison de [Mont...] par Mr de Pontac,[Mont...] | de Pontac,"""Pontac [de Haut-Brion], premier président Arnaud de | Tarneau, Isac de | [...]""",Bordeaux | Ludon-Medoc | Libourne | [Morbihan],0,2,0,3,1,0,1,0,2,3,2,0,0,,,,
Ms4300,41,1659,Ms 4300/41/24,1659 mai 20,1659-05-20,2,220 x 166,cachets de cire rouge,papier,manuscrit,lettre,null,null,null,"""Massiot, [Léonard] de | Le Comte [de la Tresne], président [Jacques]""",Rennes | Bordeaux,0,2,0,3,0,0,1,2,1,3,2,0,0,,,x,
Ms4300,41,1659,Ms 4300/41/25,20 mai 1659,1659-05-20,4,323 x 215,,papier,manuscrit,acte notarié,343,"""[Reco...] par Manuel [Jugla], en faveur de Alphonse de La Lanne du domaine de [Nar...] a st. Génés de Lombaud""",[Jugla] | st. Génés de Lombaud | de La Lanne,"""[Jugla], Manuel | [Faure], Pierre | Lalanne de Rouaillon, Alphonse de | [...]""",Saint-Genès-de-Lombaud | Bordeaux | Royan | Chateau de Tustal | paroisse saint-Eloi (Bordeaux) | [...],0,2,2,2,1,0,2,1,2,2,2,0,2,,,,
Ms4300,41,1659,Ms 4300/41/26,1659 mai 21,1659-05-21,1,252 x 175,,papier,manuscrit,lettre,null,null,null,"""Allegret, de La Chassaigne I[sabeau] d' | [Pontac] d'Anglade, [François de]""",Curton | [...],0,3,0,2,2,0,2,1,2,1,0,0,0,,,,
Ms4300,41,1659,Ms 4300/41/27,1659 juin 8,1659-06-08,2,304 x 199,cachets de cire rouge,papier,manuscrit,lettre,null,null,null,"""Le Comte [de La Tresne], président [Jacques] | [...]""",Bordeaux | [...],1,1,1,3,1,0,1,1,1,1,0,0,0,,,,
Ms4300,41,1659,Ms 4300/41/28,1659 14 juin,1659-06-14,1,301 x 203,,papier,manuscrit,exploit,343,Emprisonnement du Juge de Chambret,Chambret,"""[La]noaille, juge de Chamberet François | Soefue, conseiller Claude | [...]""",Chamberet,0,2,2,3,1,0,1,1,1,1,0,0,0,,,,
Ms4300,41,1659,Ms 4300/41/29,1659 17 juin,1659-06-17,1,247 x 181,,papier,manuscrit,lettre de change,343,Obbligation de Mr de Raganeau a la presidente d'Affis d'une somme de 1407 lt 10 s,de Raganeau | d'Affis,"""[Massiot], présidente Daffis [Anne de] | [Le Comte] de La Tresne, président [Jacques] | Bernet, premier président [Joseph] du | [...]""",null,0,2,0,2,1,0,2,0,2,1,0,0,0,,,,
Ms4300,41,1659,Ms 4300/41/30,18 juin 1659,1659-06-18,2,295 x 193,,papier,manuscrit,contrat,343,Afferme par Mr Le Comte de la [...] des Chasteliêrs,Les Chasteliêrs | Le Comte,"""Le Comte de La Tresne, président François-Arthus | [...]""",Bordeaux | [...],1,1,1,2,1,0,1,0,2,3,0,0,0,,,,
Ms4300,41,1659,Ms 4300/41/31,23 juin 1659,1659-06-23,2,249 x 185,,papier,manuscrit,requête,343,Requête aux trésoriers de France par Mr Le Comte consernant l'hommage de la maison de Canteloup,Le Comte | Canteloup,"""Le Comte de La Tresne, président François-Arthus | [Bos...] de Chanteloup, Pierre du | [...]""",Chanteloup | Guyenne | Bordeaux,2,1,1,2,3,0,1,1,2,1,1,0,1,,,,
Ms4300,41,1659,Ms 4300/41/32,1659 juin 27,1659-06-27,2,263 x 185,cachets de cire rouge,papier,manuscrit,lettre,null,null,null,"""Lanoaille, [juge de Chambret François de] | Pontac [de Haut-Brion], premier président Arnaud de | Soefue, [conseiller Claude] | Sageau, [Joseph de]| [Favas, de Caumont de Bassabat Jeanne de] | [Pierrebuffière, de Pierrebuffière marquise Françoise de] | [La Biche] de Reignefort, [Pierre de]""",[...] | Bordeaux | Limoges,2,2,1,2,3,0,1,0,2,1,0,0,0,,,,
Ms4300,41,1659,Ms 4300/41/33,1659 juin 29,1659-06-29,2,221 x 169,cachets de cire rouge,papier,manuscrit,lettre,null,null,null,"""Verges, [?] du | Gombaud, conseiller [?] de | [...]""",Saintes | Paris | Bordeaux,3,2,2,3,3,0,2,3,2,1,2,0,0,,,x,
Ms4300,41,1659,Ms 4300/41/34,1659 juin 30,1659-06-30,2,224 x 167,,papier,manuscrit,lettre,null,null,null,[...],Sant-Denis,0,2,0,2,0,0,1,0,1,2,0,0,0,,,,
Ms4300,41,1659,Ms 4300/41/35,1659 31 juin,null,4,250 x 180,rélié avec deux cordelettes,papier,manuscrit,inventaire,343,Inventaire des pièces produits par Pierre Vergnol contre Mr Jean Bouyer notaire,Vergnol | Bouyer,"""Vergniot, Pierre | Vergniot, Elie | Bouyer, notaire Jean""",Guyenne,1,2,1,2,2,0,1,2,2,2,1,0,0,,,,
Ms4300,41,1659,Ms 4300/41/36,1659 juillet 6,1659-07-06,2,201 x 150,,papier,manuscrit,lettre,null,null,null,"""La Biche [de Reignefort], [Pierre] de | [Lanoaille], juge de Chambret [François de] | [Pontac [de Haut-Brion], premier président Arnaud de] | [...]""",Limoges | Chamberet,0,2,1,2,1,0,2,1,1,1,0,0,0,,,,
Ms4300,41,1659,Ms 4300/41/37/1,1659 6 juillet,1659-07-06,2,27 6 x 179,,papier,manuscrit,acte notarié,343,Loyens d'appel de Fr. de Pontac contre Jacques Le Comte à propos de la succession de Guionne de Merignac,Le Comte | de Pontac | de Merignac,"""Pontac d'Anglade, François de | Pontac d'Anglade, Gabriel de | Le Comte [de La Tresne], président Jacques | Mérignac, [de Vacquey de Pontac] Guyonne de""",Bordeaux,3,2,0,2,2,0,2,0,2,1,0,0,0,,,,
Ms4300,41,1659,Ms 4300/41/37/2,1659,1659,1,148 x 174,,papier,manuscrit,acte notarié,null,null,null,"""Pontac d'Anglade, François de | Le Comte [de La Tresne], président Jacques""",Bordeaux,1,2,1,2,1,0,1,1,2,1,0,0,0,,,,
Ms4300,41,1659,Ms 4300/41/38,1659 8 juillet,1659-07-08,2,251 x 182,cordelette blanche,papier,manuscrit,facture,343,Memoire des frais faits pour l'emprisonnement du juge de Chambret,Chambret,"""Lanoaille, juge de Chambret François de | Soefue, [conseiller Claude]""",Limoges | Uzerche | Pierre-Buffière,1,2,2,3,3,0,2,0,1,2,0,0,0,,,,
Ms4300,41,1659,Ms 4300/41/39,1659 11 juillet,1659-07-11,2,255 x 198,adress : rue [N...],papier,manuscrit,quittance,343,Quittance d'une somme de 100 lt 10 s [...] par Isabeau d'Allegret a Pierre Galibert,d'Allegret | Galibert,"""Allegret, [de La Chassaigne] Isabeau d' | La Chassaigne, Joseph de | Galibert, Pierre | [...]""",Bordeaux | Guyenne | [...],0,1,1,3,3,0,1,0,2,3,0,0,0,,,,
Ms4300,41,1659,Ms 4300/41/40,1659 21 juillet,1659-07-21,4,317 x 200,,papier,manuscrit,acte notarié,343,Arret portant [...] de substitution en faveur de [...] d'Aydie de Bernardières,d'Aydie | de Bernardières,"""Aydie de Bernardières, Armand d' | Aydie, Charles d' | Aydie [de Vagoubert], Blaise d' | Aydie de Saint-Martin, François d' | Aydie de Bernardières, Guy d' | [Pierrebuffière, de Pierrebuffière marquise] Françoise de | [Sauvage de] Lamothe, [Bernard] | Aydie, Philippe d' | Pontac [de Haut-Brion], premier président Arnaud de | [Pierrebuffière, de La Baume-Forsac] Anne de | [Pierrebuffière], François de | [...]""",Bernardières | Bordeaux | Chamberet | Châteauneuf-la-Forêt,1,2,1,3,1,0,1,1,3,3,0,0,0,,,,
Ms4300,41,1659,Ms 4300/41/41,1659 juillet 27,1659-07-27,2,226 x 171,cachet de cire rouge,papier,manuscrit,lettre,null,null,null,"""Larcher, présidente de Gourgue M[arie] | [Le Comte de] La Tresne, président [Jacques] | Gourgue, président [Jean] de""",Paris | Bordeaux,3,2,3,3,0,0,1,3,2,1,1,0,0,,,,
Ms4300,41,1659,Ms 4300/41/42,1 aout 1659,1659-08-01,2,290 x 207,,papier,manuscrit,acte notarié,343,Assignation donné a la requête de Pierre du Périer au Sr. de Chassain pr. de [Mauriange] à propos de la maison de Larsan,du Périer | de Chassain | Larsan,"""Périer de l'Isle Fort, Pierre du | [Chassaigne], Jean de | [Chassaigne], Jacques de""",Bordeaux,1,3,1,3,3,0,2,1,2,1,2,0,2,,,,
Ms4300,41,1659,Ms 4300/41/43,1659 3 août,1659-08-03,2,254 x 182,,papier,manuscrit,quittance,344,Quittance d'une somme de 2450 lt [delivrée par le juge de Chamberet a Mr de Pontac,Chambret | de Pontac,"""Chavaille, conseiller Jacques de | La BIche de Reignefort, Pierre de | Pontac [de Haut-Brion], premier président Arnaud de | [La]noaille, juge de Chambret François de""",Uzerche | Limoges,1,2,0,2,1,0,0,0,2,1,0,0,0,,,,
Ms4300,41,1659,Ms 4300/41/44,1659 aout 6,1659-08-06,2,223 x 166,cachets de cire noir,papier,manuscrit,lettre,null,null,null,"""[Rober...], [?] | Le Comte de La Tresne, président [Jacques] | [Pontac] d'Anglade, [François de] | [...]""",Paris | Bordeaux,1,2,3,3,0,0,1,0,3,1,0,0,0,,,,
Ms4300,41,1659,Ms 4300/41/45,1659 9 août,1659-08-09,6,245 x 183,timbre et filigrane usine a papier | rélié avec deux cordelettes,papier,manuscrit,contrat,344,Bail judiciaire de la maison de Mr de Tarneau en faveur de Mr de La Lanne,de Tarneau | de La Lanne,"""La Monta[i]gne, [?] de | Lalanne de Rouaillon, [Alphonse] de | Chaumette, Antoine | Tarneau, président [François] de | [...]""",Guyenne | Bordeaux,0,0,0,2,1,0,0,0,2,2,2,0,0,,,,
Ms4300,41,1659,Ms 4300/41/46/1,1659 10 août,1659-08-10,2,240 x 180,cordelette jaunie,papier,manuscrit,lettre,344,Quatre lettres de Mr de La Vrillière au président de Pontac,de La Vrillière | de Pontac,"""La Vrillière, [?] de | Pontac [de Haut-Brion], p[remier] p[résident Arnaud] de | [Bourbon, Louis XIV de]""",Saintes,0,2,1,2,0,0,1,1,2,1,1,0,1,,,,
Ms4300,41,1659,Ms 4300/41/46/2,1661 20 avril,1661-04-20,2,314 x 206,cordelette jaunie,papier,manuscrit,lettre,344,Quatre lettres de Mr de La Vrillière au président de Pontac,de La Vrillière | de Pontac,"""La Roche, conseiller [?] de | La Vrillière, [?] de | Pontac [de Haut-Brion], p[remier] p[résident Arnaud] de | [Bourbon, Louis XIV de] | [Habsburg, de Bourbon Marie-Thérèse von]""",Paris | Bordeaux,1,2,1,2,1,0,1,0,1,1,0,0,0,,,x,x
Ms4300,41,1659,Ms 4300/41/46/3,1661 30 mai,1661-05-30,2,309 x 209,cordelette jaunie,papier,manuscrit,lettre,344,Quatre lettres de Mr de La Vrillière au président de Pontac,de La Vrillière | de Pontac,"""La Vrillière, [?] de | Pontac [de Haut-Brion], [premier président Arnaud] de | La Roche, conseiller [?] de""",Fontainbleu | Bordeaux,1,2,1,2,2,0,1,0,2,1,0,0,0,,,,
Ms4300,41,1659,Ms 4300/41/46/4,1664 27 9bre,1664-11-27,2,312 x 204,cordelette jaunie,papier,manuscrit,lettre,344,Quatre lettres de Mr de La Vrillière au président de Pontac,de La Vrillière | de Pontac,"""La Vrillière, [?] de | Pontac [de Haut-Brion], p[remier] p[résident Arnaud] de | [Bourbon, Louis XIV de] | Pichon [de Longueville], président [Bernard] de | [Secondat de] Montesquieu, président [Jean-Gaston de] | Grimard, président [Louis] de | Salomon, président [Henri-François] de | Gourgue, président [Jean] de | Colbert, [Jean-Baptiste] | [Larcher, présidente de Gourgue Marie]""",Paris | Bordeaux,1,2,1,2,0,0,1,1,2,2,0,0,0,,,,
Ms4300,41,1659,Ms 4300/41/47,1659 13 août,1659-08-13,16,250 x 187,rélié avec deux cordelettes,papier,manuscrit,acte notarié,344,Arret de [...cret] des biens d'Anne Durand situés dans la juridiction de Montravel,Durand | Montravel,"""[Duran], Anne | Bouyer, notaire Jean | Mousnier, Jean | La Fuge, Anne de | Lagasson, Jean de | Dumas, Anne | Benoist, Pierre | Benoist, Jean | Lamy, Jean | [Beaujardin], Mathieu du | Dumas, Pierre | Vergniot, Elie | Vergniot, Pierre | Vergniot, Jean | [...]""",Bordeaux | La Mothe | Montravel,1,1,1,2,1,0,2,0,3,1,0,0,0,,,,
Ms4300,41,1659,Ms 4300/41/48,1659 aout 24,1659-08-24,2,225 x 167,cachets de cire noir,papier,manuscrit,lettre,null,null,null,"""[Rober...], [?] | [Le Comte de] La Tresne, président [Jacques]""",Paris | Bordeaux | Guyenne,1,1,2,2,1,0,0,1,1,2,0,0,0,,,,
Ms4300,41,1659,Ms 4300/41/49,1659 27 août,1659-08-27,2,247 x 182,,papier,manuscrit,requête,344,Commandement a F. Arthus Le Comte d'avoir a payer sa part de l'impçot établi pour le [...] du doumaine du roi en la Grande Prévôté d'Entre-2-mers,Entre deux mers | Le Comte,"""Dusault, conseiller Jean Olivier | Le Comte de La Tresne, président François-Arthus""",Guyenne | Bordeaux,3,3,3,3,1,0,2,2,2,0,0,0,0,,,,
Ms4300,41,1659,Ms 4300/41/50,1659 aout 30,1659-08-30,1,150 x 185,,papier,manuscrit,quittance,null,null,null,[...],Latresne,0,2,0,2,1,0,0,0,1,3,0,0,0,,,,
Ms4300,41,1659,Ms 4300/41/51,2 7bre 1659,1659-09-02,4,251 x 191,rélié avec deux cordelettes,papier,manuscrit,acte notarié,344,Arret du parlt. concernant les bénéficiers de St. Michel,St. Michel,"""Cabal, capitaine Gaston | Cabal, Pierre | Bran[n]e, Nandine | Arderet, François | Bassabat, Jean de | Bassabat, Bonaventure de | Coing, Julien du | [Lauze], Isabeau | [Lauze], Vincent | Arderet, Jeanne | Arderet, Jean""",Bordeaux | eglise de Saint-Michel (Bordeaux),0,1,1,3,1,0,1,1,1,2,2,0,0,,,,
Ms4300,41,1659,Ms 4300/41/52,1659 sept 5,1659-09-05,2,214 x 170,probablement écrit le 5 février 1659,papier,manuscrit,lettre,null,null,null,"""[Rober...], [?] | [Le Comte de] La Tresne, président [Jacques] | Pontac d'Anglade, [François] de | Ferron [de Carbonnieux], [de Pontac Marguerite] de | Pontac [d'Anglade], [Gabriel] de | [Larcher], présidente de Gourgue [Marie]""",Paris | Bordeaux,1,2,1,2,1,0,1,0,2,2,0,0,0,,,,
Ms4300,41,1659,Ms 4300/41/53,1659 9 7bre,1659-09-07,2,256 x 190,,papier,manuscrit,acte judiciaire,344,Jugement condamnant Pierre Ledoux a payer des rentes [...] Mr de Pontac pour de des biens a Sadirac,Sadirac | de Pontac,"""Ledoux, [Philippe] | Pontac [d'Anglade], François de | [...]""",Sadirac | Bordeaux,0,1,0,3,1,0,1,2,2,1,0,0,0,,,,
Ms4300,41,1659,Ms 4300/41/54,1659 12 7bre,1659-09-12,2,255 x 178,feuillet tenues ensemble par un clou,papier,manuscrit,memoire,344,Extrait du registre contenant les payements faits pour le bâtiment de Salles,Salles,[...],Salles,1,1,0,2,3,0,1,1,2,2,1,0,2,,,,
Ms4300,41,1659,Ms 4300/41/55,1659 26 7 bre,1659-09-26,2,346 x 232,,papier,manuscrit,inventaire,344,Estimation de deux maisons [...] a Bx. [appt.] a Mr de Roaillon,Bx (maisons [...]) | de Roaillon,"""Lalanne de Rouaillon, [Alphonse de] | [...]""",Bordeaux | Guyenne,2,2,3,3,1,0,2,1,1,1,0,0,0,,,,
Ms4300,41,1659,Ms 4300/41/56,1659 octobre 2,1659-10-02,2,312 x 206,cachets de cire rouge,papier,manuscrit,lettre,null,null,null,"""Petit, [?] | [...]""",Dolus-d'Oléron | Bordeaux,1,2,2,2,1,0,1,1,2,3,0,0,0,,,,
Ms4300,41,1659,Ms 4300/41/57,1659 4 8bre,1659-10-04,2,252 x 177,,papier,manuscrit,acte notarié,344,[1659 4 9bre] Sommation faite par Anne de Massiot a un marchand de [V...] de ne pas de [dé...] des sommes qu'il [doit] a Louis [Me...],de Massiot,"""Massiot, [présidente Daffis] Anne de | Daffis, président [Jean] | [...ille], Jean""",Bordeaux,1,2,1,3,1,0,1,2,2,2,2,0,0,,,,
Ms4300,41,1659,Ms 4300/41/58,1659 octobre 17,1659-10-17,2,260 x 181,,papier,manuscrit,acte judiciaire,344,Procés verbal chez une fille [enceinte] qui de Bordx. était venu habiter Cénac,Cénac,[...],Latresne | Cénac,3,2,1,2,1,0,1,1,2,1,0,0,0,,,,
Ms4300,41,1659,Ms 4300/41/59,1659 26 8bre,1659-10-26,2,261 x 187,,papier,manuscrit,contrat,null,null,null,"""Pontac [de Haut-Brion], premier président Arnaud de | [Lalande], Jean de | [...]""",Guyenne | Bordeaux | Salles,0,2,1,2,1,0,1,2,2,3,0,0,0,,,,
Ms4300,41,1659,Ms 4300/41/60,1659 8 9bre,1659-11-08,1,253 x 185 ,,papier,manuscrit,contrat,344,Vente a Louis de [Vergo...] de terres a Beychac,de [Vergo...] | Beychac,"""[Vergoin], Louis de | Godet, Jean""",Beichac-et-Caillau,1,2,2,3,2,0,1,1,2,0,0,0,0,,,,
Ms4300,41,1659,Ms 4300/41/61/1,1659 8 9bre,1659-11-08,2,249 x 182,copie du document Ms4300/41/61/1,papier,manuscrit,requête,null,null,null,"""Vergniot, Elie | Montpouillan, [Bertrand] de | Demons, François | Béthune, archevêque Henri de""",Montcaret (Montravel) | Bordeaux | Guyenne,0,2,2,3,1,0,0,2,3,2,0,0,0,,,,
Ms4300,41,1659,Ms 4300/41/61/2,1659 8 9bre,1659-11-08,1,247 x 179,,papier,manuscrit,exploit,null,null,null,"""Vergniot, Elie""",Montcaret (Montravel) | Bordeaux,1,2,3,3,1,0,1,1,2,1,0,0,0,,,,
Ms4300,41,1659,Ms 4300/41/62/1,1659 8 novembre,1659-11-08,4,298 x 211,rélié avec deux cordelettes,parchemin,manuscrit,requête,345,Lettres royaux à propos d'un procés entre deux fermiers de la [...] de Montravel,Montravel,"""Vergniot, Elie | Montpouillan, [Bertrand] de | Demons, François | Béthune, archevêque Henri de""",Montcaret (Montravel) | Bordeaux | Guyenne,0,3,1,2,0,1,1,2,2,2,1,1,0,,,,
Ms4300,41,1659,Ms 4300/41/62/2,XVII siècle,1600-1699,1,76 x 253,,parchemin,manuscrit,requête,345,Lettres royaux à propos d'un procés entre deux fermiers de la [...] de Montravel,Montravel,"""Demons, François | Bouyer, notaire Jean""",Bordeaux,1,3,1,3,1,1,1,3,1,0,0,0,0,,,,
Ms4300,41,1659,Ms 4300/41/62/3,XVII siècle,1600-1699,1,250 x 181,,papier,manuscrit,acte notarié,345,Lettres royaux à propos d'un procés entre deux fermiers de la [...] de Montravel,Montravel,"""Demons, François | Vergniot, Elie | [...]""",Bordeaux,1,1,1,2,1,0,0,1,2,1,0,0,0,,,,
Ms4300,41,1659,Ms 4300/41/62/4,XVII siècle,1600-1699,1,248 x 187,,papier,manuscrit,acte notarié,345,Lettres royaux à propos d'un procés entre deux fermiers de la [...] de Montravel,Montravel,"""Demons, François | Bouyer, notaire Jean""",Bordeaux,1,2,1,2,1,0,1,1,2,1,0,0,0,,,,
Ms4300,41,1659,Ms 4300/41/63,1659 17 9bre,1659-11-17,2,299 x 194,,papier,manuscrit,communication,345,"""Procuration par Mr Le Comte, pour continuer a poursuivre l' [...] pendant entre Mr Le Comte et la [Mrme] de Mulet, au parlt. de Grenoble",de Mulet | Le Comte,"""Le Comte de La Tresne, président François-Arthus | [Mullet], d'Aulède de Lestonnac [Catherine de] | Aulède de Lestonnac, [Jean-]Denis d' | Aulède de Lestonnac, conseiller Pierre d'""",Grenoble | Bordeaux,1,2,1,2,1,0,1,0,2,2,0,0,0,,,,
Ms4300,41,1659,Ms 4300/41/64,1659 nov 18,1659-11-18,1,251 x 184,cachets de cire noir,papier,manuscrit,lettre,null,null,null,"""Garnier, [?] | [Dant...], Pierre | Maistres, [?] Des | [Le Comte] de La Tresne, président [François-Arthus] | [...]""",Bordeaux | Bayonne | Oléron,3,2,1,2,1,0,0,0,2,3,0,0,0,,,,
Ms4300,41,1659,Ms 4300/41/65,1659 nov 26,1659-11-26,2,333 x 227,,papier,manuscrit,lettre,null,null,null,"""La Vrillière, [?] de | [...]""",Toulouse | Bordeaux,2,2,1,2,0,0,1,0,2,1,0,0,0,,,x,x
Ms4300,41,1659,Ms 4300/41/66,1659 27 9bre,1659-11-27,2,252 x 190,,papier,manuscrit,requête,345,Requête de Fs. de Mons. contre Jean Bouyer,de Mons | Bouyer,"""Demons, François | Bouyer, notaire Jean""",Guyenne | Bordeaux,1,2,1,3,1,0,1,2,1,1,0,0,0,,,,
Ms4300,41,1659,Ms 4300/41/67,1659 11 xbre,1659-12-11,2,245 x 184,,papier,manuscrit,inventaire,345,Inventaire des pièces [comMr..] par [...] de Mr de Périer,de Périer,"""[Périer] de l'Isle Fort, [Pierre du]""",Isle-Fort,1,2,3,3,1,0,1,0,2,3,0,0,0,,,,
Ms4300,41,1659,Ms 4300/41/68,1659 dec 16,1659-12-16,2,307 x 192,,papier,manuscrit,lettre,null,null,null,"""Petit, [?]""",Bordeaux,3,3,1,2,1,0,2,3,1,1,2,0,0,,,,
Ms4300,41,1659,Ms 4300/41/69,1659 16 xbre,1659-12-16,2,254 x 186,,papier,manuscrit,memoire,345,Extraits du livre de raison de Mrme d'Affis,d'Affis,"""Massiot, [présidente Daffis] Anne de | [Le Comte] de La Tresne, président [François-Arthus]""",null,1,1,0,3,1,0,1,0,1,2,0,0,0,,,,
Ms4300,41,1659,Ms 4300/41/70,1659 dec 18,1659-12-18,2,185 x 127,cachets de cire rouge,papier,manuscrit,lettre,null,null,null,"""La Voute, [?] | [Le Comte de] La Tresne, président [François-Arthus]""",Cauderot | Bordeaux,1,2,3,3,1,0,0,2,2,1,0,0,0,,,,
Ms4300,41,1659,Ms 4300/41/71,1659 decembre 20,1659-12-20,2,229 x 167,,papier,manuscrit,lettre,null,null,null,"""[Marguerite], sœur Anne | [Le Comte de] La Tresne, [président François-Arthus]""",Toulouse | Bordeaux,0,2,1,3,1,0,1,1,2,1,0,0,0,,,,
Ms4300,41,1659,Ms 4300/41/72,1659 xbre,1659-12,2,253 x 181,,papier,manuscrit,quittance,345,Acte pour les réligéuses des annonciades de ,Marmande,"[E...], Anne de | [Maret], François | [F...], Marie de",Marmande,1,0,1,2,1,0,1,1,2,3,2,0,0,,,,
Ms4300,41,1659,Ms 4300/41/73,1659,1659,14,258 x 192,rélié avec deux cordelettes,papier,manuscrit,memoire,345,Memoires pour [servir] a Mr Le Comte contre Mr de Pontac a propos de la maison nob. de Fourens,Fourens | Le Comte | de Pontac,"""Pontac d'Anglade, François de | Mérignac, [de Vacquey de Pontac] Guyonne de | Le Comte de La Tresne, président François-Arthus | Lamothe, [de Ségur de Mandosse] Anne de | Ségur [de Francs], Jacquette de | Ségur [de Francs], Guyonne de | Mérignac, Gabriel de | Vacquey, [de Mérignac] Catherine de | Calvimont, [de Le Comte] Françoise de | Le Comte de La Tresne, président Jacques | Mandosse, François de | Ségur [de Francs], [Eymeoir] de | Chézeaux, [de Ségur] Catherine de | Ségur [de Francs], Marie de | Ségur [de Francs], Guyonne de | [Rober...], [?]""",Fourens | Bordeaux,0,1,1,2,1,0,1,1,2,3,0,0,0,,,,
Ms4300,41,1659,Ms 4300/41/74/1,1659,1659,24,305 x 200,rélié avec deux cordelettes,papier,manuscrit,memoire,345,Memoire des rendanges de La Tresne ,La Tresne,"""[Le Comte de] La Tresne, président [François-Arthus] | [Dugrand], Pierre | [Bouver], Jean | [Vousser], Bertrand du | Lamothe, Guillaume | [...]""",null,1,1,1,2,1,0,1,1,2,2,0,0,2,,,,
Ms4300,41,1659,Ms 4300/41/74/2,1659,1659,2,304 x 194,feuillet tenues ensemble par un clou,papier,manuscrit,memoire,null,null,null,"""Glenan, [?] | [Poi...], [?] du | La Palange, [?] | [...]""",null,1,2,1,2,3,0,2,0,2,3,0,0,2,,,,
Ms4300,41,1659,Ms 4300/41/75,1659,1659,2,241 x 174,,papier,manuscrit,memoire,345,Etat des grains recueillìs a La Chaume ,La Chaume,[...],La Chaume,0,3,1,2,1,0,1,0,2,2,0,0,0,,,,
Ms4300,41,1659,Ms 4300/41/76/1,1659,1659,6,251 x 190,feuillet tenues ensemble par un clou,papier,manuscrit,memoire,345,Rentes dues au sgr. de La Tresne par Mr Delpech,Delpech | La Tresne,"""[Le Comte de] La Tresne, président [François-Arthus] | Delpech, advocat Guillaume | [Calonget], de La Tresne Françoise | [Blanche], Anne-Marguerite | Raquin, Catherine | Gaudin, Guillaume | [Bos...] de Chanteloup, Pierre du | La Chassaigne, [?] de | Peyrot, [?] | [...]""",Cénac | Bordeaux,1,1,1,2,1,0,1,1,2,2,1,0,0,,,,
Ms4300,41,1659,Ms 4300/41/76/2,XVII siècle,1600-1699,1,182 x 185,,papier,manuscrit,memoire,null,null,null,"""[S...], Jean""",null,0,2,1,2,1,0,0,0,2,1,0,0,0,,,,
Ms4300,41,1659,Ms 4300/41/76/3,XVII siècle,1600-1699,2,259 x 180,,papier,manuscrit,memoire,null,null,null,"""[Calonget], [de La Tresne] Françoise | [...llon], Jeanne | Le Comte [de La Tresne], président [François-Arthus] | [...]""",Cénac,0,1,0,2,1,0,0,1,2,2,0,0,0,,,,
Ms4300,41,1659,Ms 4300/41/76/4,XVII siècle,1600-1699,2,189 x 125,,papier,manuscrit,memoire,null,null,null,[...],null,0,2,0,2,1,0,0,1,2,2,0,0,0,,,,
Ms4300,41,1659,Ms 4300/41/76/5,XVII siècle,1600-1699,5,255 x 197,,papier,manuscrit,memoire,null,null,null,"""Le Comte de La Tresne, [président François-Arthus] | [...]""",Cénac,0,1,0,2,1,0,0,1,2,3,0,0,0,,,,
Ms4300,41,1659,Ms 4300/41/76/6,XVII siècle,1600-1699,2,251 x 184,dessins,papier,manuscrit,memoire,null,null,null,"""[Le Comte de] La Tresne, [président François-Arthus] | [...]""",Cénac,0,1,0,2,1,0,0,1,3,2,0,0,0,,,,
Ms4300,41,1659,Ms 4300/41/77,vers 1659,1659,2,302 x 209,,papier,manuscrit,memoire,345,Memoire sur les revenus de [...],de [...],"""Pontac [de Haut-Brion], premier président Arnaud de | [Le Comte] de La Tresne, président [François-Arthus]""",null,3,2,3,3,3,0,2,0,2,1,2,0,0,,,x,
Ms4300,41,1659,Ms 4300/41/78,1659,1659,2,211 x 157,cachets de cire rouge,papier,manuscrit,lettre,null,null,null,"""[Perret], [?]""",Marmande,1,2,2,2,1,0,0,0,1,1,0,0,0,,,,
,,,,,,,,,,,,,,,,,,,,,,,,,,,,,,,,,
Ms4300,42,1660,Ms4300/42/1,1660 7 janv,1660-01-07,4,247 x 190,,papier,manuscrit,acte judiciaire,345,Procès verbal de vol de bois et du délit de chasse dans les garenne de Salles,Chasse (délit de) | Salles,"""Pontac [de Haut-Brion], premier président [Arnaud de] | Louby, Giraud de | Louby, Anthoine de | Dufau, Jean Louis | Bourdieu, Jean du | Dupin, Mathieu | [...]""",null,3,2,2,3,2,0,1,1,2,1,2,0,0,,,,
Ms4300,42,1660,Ms4300/42/2,1660 12 janvier,1660-01-12,4,251 x 179,deux cordelettes jaunes,papier,manuscrit,quittance,345,[...] d'une somme de 50 lt donné par Jeanne d'Alegret à Pierre Galibert,d'Allegret | Galibert,"""Allegret, [de La Chassaigne] Isabeau d' | La Chassaigne, Joseph de | Galibert, Pierre""",Bordeaux,0,2,1,2,2,0,1,0,2,1,0,0,0,,,,
Ms4300,42,1660,Ms4300/42/3,1660 19 janvr,1660-01-19,2,255 x 189,,papier,manuscrit,acte notarié,345,Protestation du Mr Le Comte pour la conservation de son hypothèque sur la maison de Vaquey vendue à Mr. de Gerès,Vaquey | de Gerès | Le Comte,"""Le Comte [de La Tresne], président François[-Arthus] | Mérignac, [de Vacquey de Pontac] Guyonne de | Pontac, trésorier Jacques de | Pontac d'Anglade, Gabriel de | Le Comte de La Tresne, président Jacques""",Vacquey | Bordeaux,0,1,0,2,1,0,0,0,2,1,0,0,0,,,,
Ms4300,42,1660,Ms4300/42/4,1660 janv 24,1660-01-24,2,279 x 201,,papier,manuscrit,lettre,null,null,null,"""[Le Comte de] La Tresne, président [François-Arthus]""",Bordeaux,3,3,3,2,3,0,1,3,1,1,2,0,2,,,x,
Ms4300,42,1660,Ms4300/42/5,1660 16 fevr,1660-02-16,38,251 x 193,petite restauration dans la première page effectué avec de la colle,papier,manuscrit,acte notarié,345,"""Proclamation de l'énchère des biens saisis a la requête de Mr Le Comte sur Mr. de Pontac, à propos de la succession de Guionne de Mérignac""",Le Comte | de Pontac | de Mérignac,"""Lorand, [notaire] Jacques du | Le Comte de La Tresne, président François-Arthus | Mérignac, [de Vacquey de Pontac] Guyonne de | Pontac, trésorier Jacques de | Le Comte de La Tresne, président Jacques | [...]""",Bordeaux | Guyenne | Lamothe,3,2,1,2,3,0,2,0,2,2,0,0,0,,,,
Ms4300,42,1660,Ms4300/42/6,1660 18 fevr,1660-02-18,1,259 x 181,,papier,manuscrit,requête,346,Requête de Mr. de Mons réclamant des titres,de Mons,"""Demons, François""",Guyenne,1,2,1,2,1,0,2,0,1,1,0,0,0,,,,
Ms4300,42,1660,Ms4300/42/7/1,1660 2 mars,1660-03-02,2,292 x 191,cordelette rose et blanche,papier,manuscrit,requête,346,Requête de Claude [S...] contre les archers qui étaient charges de la garde du juge de Chambret qu'ils avaient laissé évadér du prison,[S...] | Chambret,"""Soefue, conseiller Claude | Lanoaille, juge de Chamberet François | Monteil, Étienne | Lagrede, Silvestre""",Paris | Chamberet | [Limousin],1,2,1,2,1,0,2,1,2,1,0,0,1,,,,
Ms4300,42,1660,Ms4300/42/7/2,1660 17 mars,1660-03-17,2,289 x 196,cordelette rose et blanche,papier,manuscrit,acte notarié,null,null,null,"""Soefue, conseiller Claude | Monteil, Étienne | Lagrede, Silvestre | Pradal, Étienne""",Paris | Lamothe | [Limousin],1,2,1,3,1,0,1,0,2,3,0,0,0,,,,
Ms4300,42,1660,Ms4300/42/7/3,1660 21 avril,1660-04-21,1,147 x 199,cordelette rose et blanche,papier,manuscrit,acte notarié,null,null,null,"""Soefue, conseiller Claude | Monteil, Étienne | Pradal, Étienne | Lagrede, Silvestre""",Paris | Lamothe,1,2,1,2,1,0,0,0,2,2,0,0,0,,,,
Ms4300,42,1660,Ms4300/42/7/4,1660 8 mai,1660-05-08,2,290 x 195,cordelette rose et blanche,papier,manuscrit,acte notarié,null,null,null,"""Soefue, conseiller Claude | Monteil, Étienne | Pradal, Étienne | Lagrede, Silvestre""",Paris | Lamothe | [Limousin],1,2,1,3,1,0,1,1,2,1,0,0,0,,,,
Ms4300,42,1660,Ms4300/42/7/5,1660 9 juin,1660-06-09,1,288 x 192,cordelette rose et blanche,papier,manuscrit,requête,null,null,null,"""Soefue, conseiller Claude | Lanoaille, juge de Chamberet François | Monteil, Étienne | Lagrede, Silvestre | Sageau, Joseph [de]""",[Limousin] | Paris,1,2,2,2,1,0,1,1,3,2,0,0,0,,,,
Ms4300,42,1660,Ms4300/42/7/6,vers 1660,1660,4,289 x 192,cordelette rose et blanche,papier,manuscrit,acte notarié,null,null,null,"""Soefue, conseiller Claude | Lanoaille, juge de Chamberet François | Monteil, Étienne | Lagrede, Silvestre""",Paris,1,2,1,3,1,0,1,3,3,2,0,0,0,,,,
Ms4300,42,1660,Ms4300/42/7/7,1661 19 fevr,1661-02-19,2,322 x 210,cordelette rose et blanche,papier,manuscrit,acte notarié,null,null,null,"""Soefue, conseiller Claude | Lanoaille, juge de Chamberet François | Monteil, Étienne | Lagrede, Silvestre | Pierrebuffière, de Pierrebuffière marquise Françoise de""",Chamberet | [Limousin] | Guyenne | Bordeaux,1,2,1,3,1,1,2,0,2,1,0,0,0,,,,
Ms4300,42,1660,Ms4300/42/8,1660 6 mars,1660-03-06,1,241 x 387,,parchemin,manuscrit,acte notarié,346,Arret du conseil d'Etat ordemnant d'imposer les [t...] la généralité de Bdx pour payer a Mr de La Lanne une maison demolie pour faire l'ésplanade du Chateau Trompette,de La Lanne | Château Trompette,"""Lalanne de Rouaillon, Alphonse de""",Bordeaux | Château-Trompette,0,2,0,3,0,1,2,3,3,1,0,0,0,,,,
Ms4300,42,1660,Ms4300/42/9,1660 mars 7,1660-03-07,2,254 x 182,,papier,manuscrit,acte notarié,346,Arret de conclusion sur l'appel de Mr. du Périer contre Jacques Le Comte,du Périer | Le Comte,"""Périer de l'Isle Fort, Pierre du | [Dorat], Jean | Le Comte de La Tresne, président François-Arthus""",null,3,1,2,2,1,0,2,0,2,2,2,0,0,,,,
Ms4300,42,1660,Ms4300/42/10,1660 mars 7,1660-03-07,2,247 x 190,double date 14 juillet 1750,papier,manuscrit,contrat,346,Bail a [...] de terres à Camblanes,Camblanes,"""Raymond de La Tour, Pierre de | [...]""",Camblanes-et-Meynac,0,2,3,2,1,0,1,3,2,1,0,0,0,,,,
Ms4300,42,1660,Ms4300/42/11,1660 8 mars,1660-03-08,6,253 x 182,,papier,manuscrit,contrat,346,Transaction entre Mme. d'Olive [...] Antoine de Sagelly et Nicoles Barbarin,d'Olive | de Sagelly | Barbarin,"""[Olive], Marie [d'] | Sagilly, Antoine de | Barbarin, advocat Nicollas | Barbarin, advocat Pierre""",Hiers-Brouage | Bordeaux,1,2,3,3,1,0,1,0,2,1,0,0,0,,,,
Ms4300,42,1660,Ms4300/42/12,1660 15 mars,1660-03-15,2,324 x 215,timbre usine à papier,papier,manuscrit,acte notarié,346,[Reconn.] en faveur d'Alphonse de La Lanne d'une terre à Sadirac,La Lanne | Sadirac,"""Lalanne de Rouaillon, Alphonse de""",Sadirac | Chateau de Tustal | Guyenne | Entre-deux-Mers | Bordeaux,1,2,3,2,1,0,2,0,2,1,0,0,0,,,,
Ms4300,42,1660,Ms4300/42/13,1660 mars 23,1660-03-23,2,211 x 164,cachets de cire rouge,papier,manuscrit,lettre,null,null,null,"""Montainer de Goudourville, [?] | [Le Comte] de La Tresne, président [François-Arthus] | Descordes, presidènte Daffis Marie""",Bordeaux,1,2,1,2,1,0,0,0,1,3,1,0,0,,,,
Ms4300,42,1660,Ms4300/42/14,1660 24 mars,1660-03-24,1,253 x 190,,papier,manuscrit,memoire,346,Memoire de l'argent envoyé a La Chaume,La Chaume,[...],null,1,2,1,2,1,0,1,0,2,1,0,0,0,,,,
Ms4300,42,1660,Ms4300/42/15/1,XVII siècle,1600-1699,2,226 x 168,cordelette rouge,papier,manuscrit,memoire,null,null,null,"""[Le Comte] de La Tresne, président [François-Arthus] | Pontac d'Anglade, François de""",Fourens | Monfaucon,0,1,1,2,0,0,1,0,2,3,0,0,0,,,,
Ms4300,42,1660,Ms4300/42/15/2,1660 25 mars,1660-03-25,1,258 x 195,cordelette rouge,papier,manuscrit,contrat,346,Pretentions de Mr. Le Comte contre Mr de Pontac a propos de la succession d'Anne de la Motte,de La Motte | de Pontac | Le Comte,"""[Le Comte] de La Tresne, président [François-Arthus] | Pontac d'Anglade, François de | Lamothe, [de Ségur de Mandosse] Anne de""",Vacquey,1,1,1,2,1,0,1,0,1,3,0,0,0,,,,
Ms4300,42,1660,Ms4300/42/16,1660 27 mars,1660-03-27,2,253 x 184,,papier,manuscrit,acte notarié,346,Commandement fait a la requête de Mme d'Amalvy a Mr Le Comte d'avoir à lui payer 1800',Le Comte | d'Amalvy,"""Desaigues, [d'Amalvy] Sybille | Amalvy, conseiller André d' | Le Comte [de La Tresne], président [François-Arthus]""",Bordeaux,1,1,0,2,1,0,1,0,2,3,0,0,2,,,,
Ms4300,42,1660,Ms4300/42/17,1660 2 avril,1660-04-02,2,310 x 217,,papier,manuscrit,contrat,346,Vente par Mme de Pierre-Buffiere a Mr e [Maledent] des domaines [...] dans le marquisat de Chambret et de diverses [...],de Pierre-Buffiere | Chambret | de [Maledent],"""Maledent de La Lingaine, Martial | Pierrebuffière, [de Pierrebuffière marquise] Françoise de""",Chamberet,1,2,1,3,1,0,2,3,2,2,0,0,0,,,,
Ms4300,42,1660,Ms4300/42/18,1660 8 avril,1660-04-08,1,248 x 187,,papier,manuscrit,inventaire,347,Memoire de la vaisselle d'argent provenant de la presidente d'Affis et aui Mr Le Comte a eu pour sa parte,d'Affis | Le Comte,"""[Le Comte] de La Tresne, président [François-Arthus] | [Massiot, présidente Daffis Anne de] | [...]""",null,1,2,2,2,1,0,1,0,2,2,0,0,0,,,,
Ms4300,42,1660,Ms4300/42/19,1660 10 avril,1660-04-10,2,296 x 189,copie du document Ms4300/42/20,papier,manuscrit,contrat,null,null,null,"""Maledent de La Lingaine, Martial | Pierrebuffière, [de Pierrebuffière marquise] Françoise de""",Châteauneuf-la-Forêt | Chamberet,1,1,1,2,1,0,2,2,2,1,0,0,0,,,,
Ms4300,42,1660,Ms4300/42/20,1660 10 avril,1660-04-10,4,312 x 197,,papier,manuscrit,contrat,347,Vente par F.se de Pierre-Buffieres a Mr de [Maledent] de la terre de Chateauneuf [...] du rachat perpetuel,Chateauneuf | de Pierre-Buffieres | de [Maledent],"""Maledent de La Lingaine, Martial | Pierrebuffière, [de Pierrebuffière marquise] Françoise de""",Châteauneuf-la-Forêt | Chamberet,1,2,0,2,1,0,1,0,2,2,0,0,1,,,,
Ms4300,42,1660,Ms4300/42/21/1,XIX siècle,1800-1899,2,284 x 222,chemise du XIX siècle en protéction des documents Ms4300/42/22/2 et Ms4300/42/22/3,papier,manuscrit,null,null,null,null,[...],null,1,1,0,1,0,0,1,0,0,0,0,0,0,,,,
Ms4300,42,1660,Ms4300/42/21/2,1660 avril 10,1660-04-10,2,257 x 185,,papier,manuscrit,lettre,null,null,null,"""[Le Comte] de La Tresne, président [François-Arthus] | Malvin, Anne de""",Bordeaux,3,2,1,3,1,0,1,3,2,1,0,0,0,,,,
Ms4300,42,1660,Ms4300/42/21/3,1660 mai 3,1660-05-03,2,222 x 169,,papier,manuscrit,lettre,null,null,null,"""[Le Comte] de La Tresne, président [François-Arthus] | Malvin, Anne de""",Bordeaux,2,2,1,2,1,0,1,1,1,1,0,0,0,,,,
Ms4300,42,1660,Ms4300/42/22/1,1660 11 avril,1660-04-11,4,285 x 193,cordelette rouge,papier,manuscrit,acte notarié,347,Actes relatifs a la sg.rie de Chambret,Chambret,"""Pierrebuffière, [de Pierrebuffière marquise] Françoise de | Pierrebuffière de Chamberet, marquis Henri de""",Châteauneuf-la-Forêt | Chamberet,1,2,1,2,1,0,1,0,2,3,0,0,2,,,,
Ms4300,42,1660,Ms4300/42/22/2,XVII siècle,1600-1699,1,254 x 178,cordelette rouge,papier,manuscrit,memoire,347,Actes relatifs a la sg.rie de Chambret,Chambret,"""[Lanoaille], juge de Chamberet [François]""",Bordeaux | Paris,1,2,1,2,1,0,2,0,1,2,0,0,1,,,,
Ms4300,42,1660,Ms4300/42/22/3,1660 11 mai,1660-05-11,2,312 x 211,cordelette rouge,papier,manuscrit,memoire,347,Actes relatifs a la sg.rie de Chambret,Chambret,"""[Pontac de Haut-Brion], premier président [Arnaud de] | [Lanoaille], juge de Chamberet [François] | Sageau, Joseph de | Soefue, conseiller Claude | La Biche de Reignefort, [Pierre] de""",Chamberet | Reignefort,2,2,1,2,1,0,1,0,2,2,0,0,1,,,,
Ms4300,42,1660,Ms4300/42/22/4,23 10bre 1665,1665-12-23,2,307 x 193,cordelette rouge | mauvaise date,papier,manuscrit,acte notarié,347,Actes relatifs a la sg.rie de Chambret,Chambret,"""Pierrebuffière [de Chamberet], [de Montroux] Anne Jeanne de | Pierrebuffière, [de Pierrebuffière marquise] Françoise de | [Pierrebuffière] de Chamberet, marquis [Henri de] | Pontac [de Haut-Brion], premier président Arnaud de | Rouffignac, Jacques de""",Guyenne | Bordeaux | Chamberet,1,2,2,3,2,0,1,0,2,1,0,0,0,,,,
Ms4300,42,1660,Ms4300/42/22/5,vers 1660,1660,6,253 x 175,cordelette rouge,papier,manuscrit,memoire,347,Actes relatifs a la sg.rie de Chambret,Chambret,"""[Pierrebuffière, de Pierrebuffière marquise Françoise de] | [Pierrebuffière] de Chamberet, [marquis Henri de] | [Favas, de Caumont de Bassabat Jeanne de]""",Châteauneuf-la-Forêt | Chamberet,0,2,2,2,1,0,2,0,2,3,0,0,0,,,,
Ms4300,42,1660,Ms4300/42/22/6,vers 1660,1660,2,339 x 223,cordelette rouge | écrit aprés le 1665,papier,manuscrit,memoire,347,Actes relatifs a la sg.rie de Chambret,Chambret,"""[Pierrebuffière] de Chamberet, [de Montroux Anne Jeanne de] | [Favas, de Caumont de Bassabat Jeanne de]""",Châteauneuf-la-Forêt | Chamberet,1,2,2,2,1,0,2,0,2,2,0,0,0,,,,
Ms4300,42,1660,Ms4300/42/22/7,vers 1660,1660,10,251 x 187,cordelette rouge | écrit aprés le 1665,papier,manuscrit,memoire,347,Actes relatifs a la sg.rie de Chambret,Chambret,"""[Pierrebuffière, de Pierrebuffière marquise Françoise de] | [Pierrebuffière] de Chamberet, [marquis Henri de] | [Pierrebuffière] de Chamberet, [de Montroux Anne Jeanne de] | [Pierrebuffière], de Fabas [Marthe de] | Pons, [de Bonnevalle Marie] de""",Châteauneuf-la-Forêt | Chamberet,1,2,2,2,1,0,1,1,2,2,0,0,0,,,,
Ms4300,42,1660,Ms4300/42/22/8/1,1663 28 juillet,1663-07-28,8,287 x 197,fuillets tenus ensemble par une épingle | cordelette rouge,papier,manuscrit,contrat,347,Actes relatifs a la sg.rie de Chambret,Chambret,"""Pierrebuffière, [de Pierrebuffière marquise] Françoise de | Pierrebuffière de Chamberet, marquis Henri de | Rouffignac, Jacques de""",Chamberet,1,1,2,3,1,0,1,1,2,2,2,0,1,,,,
Ms4300,42,1660,Ms4300/42/22/8/2,1661 18 fevr,1661-02-18,4,253 x 185,cordelette rouge,papier,manuscrit,acte notarié,347,Actes relatifs a la sg.rie de Chambret,Chambret,"""Monteil, Étienne | Lanoaille, juge de Chamberet [François]""",Guyenne | Chamberet,1,2,1,3,1,0,0,3,2,2,0,0,1,,,,
Ms4300,42,1660,Ms4300/42/22/8/3,1663 28 juillet,1663-07-28,2,299 x 195,cordelette rouge,papier,manuscrit,acte notarié,347,Actes relatifs a la sg.rie de Chambret,Chambret,"""[Pierrebuffière, de Pierrebuffière marquise Françoise de] | [Pierrebuffière] de Chamberet, marquis [Henri de] | Rouffignac, Jacques de""",Chamberet | Lamothe | Châteauneuf-la-Forêt,1,2,2,2,1,0,1,0,2,2,0,0,1,,,,
Ms4300,42,1660,Ms4300/42/22/9,1661 8 juin,1661-06-08,4,285 x 194,cordelette rouge,papier,manuscrit,acte notarié,347,Actes relatifs a la sg.rie de Chambret,Chambret,"""Chavaille, conseiller Jacques de | Sageau, Joseph de | Lanoaille, juge de Chamberet François | La Biche de Reignefort, [Pierre] de | Pontac [de Haut-Brion], premier président Arnaud de | Soefue, conseiller Claude""",Vigeois | Chamberet | Uzerche | Isle-Fort | Bordeaux | Paris | Guyenne,1,2,1,2,1,0,1,2,2,1,2,0,1,,,,
Ms4300,42,1660,Ms4300/42/22/10,1663 6 juin,1663-06-06,4,258 x 182,cordelette rouge,papier,manuscrit,memoire,347,Actes relatifs a la sg.rie de Chambret,Chambret,"""Favas, [de Caumont de Bassabat] Jeanne de | Caumont, Pierre de | Pierrebuffière, de Pierrebuffière marquise Françoise de | Pierrebuffière de Chamberet, marquis Henri de | [Bassabat] de Pordéac, [Anthoine-Scipion de | Montaigne, Jean""",Paris | Chamberet | Bordeaux | Guyenne,3,1,1,3,3,0,2,0,2,3,0,0,0,,,,
Ms4300,42,1660,Ms4300/42/22/11,1663 12 juin,1663-06-12,4,303 x 197,cordelette rouge,papier,manuscrit,memoire,347,Actes relatifs a la sg.rie de Chambret,Chambret,"""Rouffignac, [Jacques] de | [Pierrebuffière, de Pierrebuffière marquise Françoise de] | [Pierrebuffière] de Chamberet, [marquis Henri de]""",Chamberet,3,3,3,3,3,0,2,3,3,1,2,0,1,,,,
Ms4300,42,1660,Ms4300/42/22/12,1664 26 avril,1664-04-26,2,251 x 180,cordelette rouge,papier,manuscrit,acte notarié,347,Actes relatifs a la sg.rie de Chambret,Chambret,"""[Castelnau, de Pierrebuffière de Thurin Marie de] | [Pierrebuffière], de La Baume-Forsac [Anne de] | La Baume-Forsac, marquis Henri[-François] de | La Baume, [de Carbonnières] comtesse Lucrèce de | Lanoaille, juge de Chamberet François | La Baume-Forsac, François de""",Limoges | Chamberet,1,2,1,3,1,0,1,0,2,2,0,0,0,,,,
Ms4300,42,1660,Ms4300/42/22/13,1664 26 avril,1664-04-26,4,251 x 180,cordelette rouge,papier,manuscrit,acte notarié,347,Actes relatifs a la sg.rie de Chambret,Chambret,"""[Castelnau, de Pierrebuffière de Thurin Marie de] | [Pontac de Haut-Brion], premier président [Arnaud de] | [Pierrebuffière], de La Baume-Forsac [Anne de] | La Baume-Forsac, marquis Henri[-François] de | La Baume, [de Carbonnières] comtesse Lucrèce de | [Favas, de Caumont de Bassabat Jeanne de] | La Baume-Forsac, François de""",Chamberet | Limoges | Bordeaux,1,3,1,3,1,0,2,0,2,3,0,0,0,,,,
Ms4300,42,1660,Ms4300/42/22/14,1664 26 avril,1664-04-26,1,336 x 221,cordelette rouge,papier,manuscrit,acte notarié,347,Actes relatifs a la sg.rie de Chambret,Chambret,"""[Castelnau, de Pierrebuffière de Thurin Marie de] | [Pierrebuffière], de La Baume-Forsac [Anne de] | La Baume-Forsac, marquis Henri[-François] de | La Baume, [de Carbonnières] comtesse Lucrèce de | Lanoaille, juge de Chamberet François | La Baume-Forsac, François de""",Limoges | Chamberet,1,2,1,2,1,0,1,0,2,2,0,0,0,,,,
Ms4300,42,1660,Ms4300/42/22/15,XVII siècle,1600-1699,2,251 x 183,cordelette rouge,papier,manuscrit,memoire,347,Actes relatifs a la sg.rie de Chambret,Chambret,"""[Pontac de Haut-Brion], premier président [Arnaud de] | [Lanoaille], juge de Chamberet [François] | Sageau, [Joseph] de | Soefue, conseiller [Claude] | La Biche de Reignefort, [Pierre] de""",Reignefort,1,2,3,3,1,0,1,3,2,3,0,0,0,,,,
Ms4300,42,1660,Ms4300/42/22/16,XVII siècle,1600-1699,1,306 x 192,cordelette rouge,papier,manuscrit,quittance,347,Actes relatifs a la sg.rie de Chambret,Chambret,"""Pontac [de Haut-Brion], premier président Arnaud de | La Biche de Reignefort, [Pierre] de | Chavaille, conseiller Jacques de | Sageau, Joseph de""",Reignefort | Uzerche | Vigeois,0,2,1,2,1,0,1,0,2,1,0,0,0,,,,
Ms4300,42,1660,Ms4300/42/22/17,XVII siècle,1600-1699,2,312 x 210,cordelette rouge,papier,manuscrit,memoire,347,Actes relatifs a la sg.rie de Chambret,Chambret,"""[La Biche] de Reignefort, [Matthieu] de | [Lanoaille], juge de Chamberet [François]""",Reignefort | Uzerche,1,2,1,2,1,0,1,0,1,2,0,0,1,,,,
Ms4300,42,1660,Ms4300/42/22/18,XVII siècle,1600-1699,2,303 x 201,cordelette rouge,papier,manuscrit,quittance,347,Actes relatifs a la sg.rie de Chambret,Chambret,"""Lanoaille, juge de Chamberet François | Chavaille, conseiller Jacques de | Sageau, Joseph de | La Biche de Reignefort, [Pierre] de | Pontac [de Haut-Brion], premier président Arnaud de| Soefue, conseiller [Claude]""",Reignefort | Uzerche | Vigeois | Bordeaux,1,2,1,3,1,0,1,0,2,3,0,0,0,,,,
Ms4300,42,1660,Ms4300/42/22/19,14 janv 1659,1659-01-14,2,305 x 197,cordelette rouge,papier,manuscrit,memoire,347,Actes relatifs a la sg.rie de Chambret,Chambret,"""[Lanoaille], juge de Chamberet [François] | [Pontac de Haut-Brion], premier président [Arnaud de] | Soefue, conseiller [Claude] | La Biche de Reignefort, [Pierre] de""",Reignefort | Chamberet,1,2,2,3,1,0,1,0,2,2,0,0,1,,,,
Ms4300,42,1660,Ms4300/42/22/20,XVII siècle,1600-1699,2,256 x 185,cordelette rouge,papier,manuscrit,memoire,347,Actes relatifs a la sg.rie de Chambret,Chambret,"""[Favas, de Caumont de Bassabat Jeanne de] | [Pierrebuffière] de Chamberet, [de Montroux Anne Jeanne de] | [Pierrebuffière] de Chamberet, [marquis Henri de]""",Chamberet | Châteauneuf-la-Forêt,2,1,2,2,1,0,1,3,2,2,0,0,2,,,,
Ms4300,42,1660,Ms4300/42/22/21,XVII siècle,1600-1699,2,255 x 180,cordelette rouge,papier,manuscrit,memoire,347,Actes relatifs a la sg.rie de Chambret,Chambret,"""[Pierrebuffière] de Chamberet, [de Montroux Anne Jeanne de] | La Biche de Reignefort, [Matthieu] de""",Limoges | Chamberet | Reignefort,1,1,2,2,1,0,1,1,3,3,0,0,1,,,,
Ms4300,42,1660,Ms4300/42/22/22,9 septembre 1669,1669-09-09,2,251 x 185,cordelette rouge,papier,manuscrit,memoire,347,Actes relatifs a la sg.rie de Chambret,Chambret,"""Pontac [de Haut-Brion], premier président Arnaud de | [La Biche] de Reignefort, [Jacques] de | [Pierrebuffière] de Chamberet, [de Montroux Anne Jeanne de] | La Baume[-Forsac], [François] de""",Limousin | Chamberet,1,2,2,3,1,0,0,1,2,3,0,0,1,,,,
Ms4300,42,1660,Ms4300/42/22/23,XVII siècle,1600-1699,2,252 x 190,cordelette rouge,papier,manuscrit,memoire,347,Actes relatifs a la sg.rie de Chambret,Chambret,"""[Favas, de Caumont de Bassabat Jeanne de] | [Pierrebuffière] de Chamberet, [marquis Henri de]""",Chamberet,0,1,1,2,1,0,1,0,2,2,0,0,1,,,,
Ms4300,42,1660,Ms4300/42/22/24,1664 20 mai,1664-05-20,2,306 x 202,cordelette rouge,papier,manuscrit,acte notarié,347,Actes relatifs a la sg.rie de Chambret,Chambret,"""La Baume-Forsac, [François] de | Pontac [de Haut-Brion], premier président Arnaud de""",Limoges | Bordeaux | Chamberet,0,2,1,3,1,0,1,1,2,2,0,0,1,,,,
Ms4300,42,1660,Ms4300/42/22/25,1664 26 avril,1664-04-26,2,312 x 210,cordelette rouge | copie du document Ms4300/42/22/13,papier,manuscrit,acte notarié,347,Actes relatifs a la sg.rie de Chambret,Chambret,"""[Castelnau, de Pierrebuffière de Thurin Marie de] | [Pontac de Haut-Brion], premier président [Arnaud de] | [Pierrebuffière], de La Baume-Forsac [Anne de] | La Baume-Forsac, marquis Henri[-François] de | La Baume, [de Carbonnières] comtesse Lucrèce de | [Favas, de Caumont de Bassabat Jeanne de] | La Baume-Forsac, François de""",Chamberet | Limoges | Bordeaux,1,1,1,2,1,0,1,0,2,1,0,0,1,,,,
Ms4300,42,1660,Ms4300/42/22/26,1664 31 août,1664-08-31,2,337 x 211,cordelette rouge,papier,manuscrit,memoire,347,Actes relatifs a la sg.rie de Chambret,Chambret,"""La Baume-Forsac, François de | [Pierrebuffière], de La Baume-Forsac [Anne de] | Lanoaille, [juge de Chamberet François]""",Limoges | Chamberet,0,1,2,3,1,0,2,1,2,2,0,0,0,,,,
Ms4300,42,1660,Ms4300/42/22/27,1664 26 xbre,1664-12-26,2,284 x 197,cordelette rouge,papier,manuscrit,quittance,347,Actes relatifs a la sg.rie de Chambret,Chambret,"""La Baume-Forsac, [François] de | Pierrebuffière, [de La Baume-Forsac Anne de] | [Pontac [de Haut-Brion], premier président Arnaud de]""",null,1,2,1,3,1,0,1,0,1,2,0,0,1,,,,
Ms4300,42,1660,Ms4300/42/22/28,1665 2 7bre,1665-09-02,12,254 x 185,cordelette rouge,papier,manuscrit,requête,347,Actes relatifs a la sg.rie de Chambret,Chambret,"""Caumont, Pierre de | Favas, [de Caumont de Bassabat] Jeanne de | Bassabat de Pordéac, Anthoine-Scipion de | Pierrebuffière de Chamberet, marquis Henri de | Pontac [de Haut-Brion, premier président Arnaud de] | Pierrebuffière, de Pierrebuffière marquise Françoise de | [...]""",Paris | Châteauneuf-la-Forêt | Chamberet | Périgord | Limousin,1,2,3,2,1,0,1,1,3,3,2,0,0,,,,
Ms4300,42,1660,Ms4300/42/22/29,1666 25 avril,1666-04-25,2,313 x 207,cordelette rouge,papier,manuscrit,memoire,347,Actes relatifs a la sg.rie de Chambret,Chambret,"""[Pierrebuffière] de Chamberet, [de Montroux Anne Jeanne de] | [Pierrebuffière], de La Baume-Forsac [Anne de] | La Baume-Forsac, [François] de""",Limoges | Chamberet,1,1,2,3,0,0,1,0,1,2,0,0,0,,,,
Ms4300,42,1660,Ms4300/42/22/30,1666 8 7bre,1666-09-08,4,335 x 220,cordelette rouge,papier,manuscrit,acte notarié,347,Actes relatifs a la sg.rie de Chambret,Chambret,"""[Pierrebuffière], de La Baume-Forsac [Anne de] | La Baume-Forsac, [François] de | Pontac [de Haut-Brion, premier président Arnaud de] | Marans, conseiller [Jean] de""",Chamberet,1,2,2,2,0,0,1,0,2,2,0,0,0,,,,
Ms4300,42,1660,Ms4300/42/22/31/1,XVII siècle,1600-1699,1,105 x 104,cordelette rouge | fuillets tenus ensemble par une épingle,papier,manuscrit,annotation,347,Actes relatifs a la sg.rie de Chambret,Chambret,[...],null,0,2,1,1,0,0,0,0,1,2,0,0,0,,,,
Ms4300,42,1660,Ms4300/42/22/31/2,1667 9 aout,1667-08-09,2,254 x 182,cordelette rouge | fuillets tenus ensemble par une épingle,papier,manuscrit,quittance,347,Actes relatifs a la sg.rie de Chambret,Chambret,"""La Baume-Forsac, François de | La Baume-Forsac, marquis Henri[-François] de | [Pierrebuffière], de La Baume-Forsac [Anne de]""",Chamberet | Bordeaux,1,1,2,3,1,0,1,0,1,2,0,0,0,,,,
Ms4300,42,1660,Ms4300/42/22/32,1668 juin,1668-06,2,241 x 181,cordelette rouge,papier,manuscrit,memoire,347,Actes relatifs a la sg.rie de Chambret,Chambret,"""La Baume-Forsac, [François] de | [Pierrebuffière] de Chamberet, [de Montroux Anne Jeanne de] | [Pontac de Haut-Brion], premier président [Arnaud de]""",Limoges | Chamberet,0,1,2,2,1,0,1,0,2,3,0,0,0,,,,
Ms4300,42,1660,Ms4300/42/22/33,1668,1668,12,254 x 184,cordelette rouge,papier,manuscrit,inventaire,347,Actes relatifs a la sg.rie de Chambret,Chambret,"""[Pierrebuffière] de Chamberet, [de Montroux Anne Jeanne de] | [...]""",Chamberet,1,1,2,2,1,0,1,0,3,3,0,0,0,,,,
Ms4300,42,1660,Ms4300/42/22/34,1669 7 fevr,1669-02-07,2,305 x 202,cordelette rouge,papier,manuscrit,contrat,347,Actes relatifs a la sg.rie de Chambret,Chambret,[...],Chamberet,2,2,3,3,2,0,2,1,2,3,0,0,0,,,,
Ms4300,42,1660,Ms4300/42/22/35,1671 22 xbre,1671-12-22,1,254 x 176,cordelette rouge,papier,manuscrit,acte judiciaire,347,Actes relatifs a la sg.rie de Chambret,Chambret,[...],null,0,1,1,2,1,0,1,1,1,1,0,0,0,,,,
Ms4300,42,1660,Ms4300/42/22/36,6 aoust 1675,1675-08-06,1,275 x 185,cordelette rouge,papier,manuscrit,memoire,347,Actes relatifs a la sg.rie de Chambret,Chambret,"""[Montroux] de Reignac, marquis [François-Charles de] | Pierrebuffière de Chamberet, de Montroux Anne [Jeanne] de | Castelnau, [de Pierrebuffière] de Thurin [Marie] de | Thurin [de Ceton], marquis [Philbert] de | Pontac [de Haut-Brion], premier président Arnaud de | [Beau...], Leonard""",Limoges | Bordeaux,0,2,1,2,1,0,2,1,1,1,0,0,0,,,,
Ms4300,42,1660,Ms4300/42/22/37,14 aoust 1673,1673-08-14,2,281 x 184,cordelette rouge | timbre et filigrane usine à papier,papier,manuscrit,acte notarié,347,Actes relatifs a la sg.rie de Chambret,Chambret,"""Montroux de Reignac, marquis [François-]Charles de | Pierrebuffière de Chamberet, [de Montroux] Anne [Jeanne] de | Castelnau, [de Pierrebuffière] de Thurin [Marie] de | Thurin [de Ceton], marquis [Philbert] de| [Beau...], Leonard | Alain, conseiller Pierre""",Paris | Guyenne | Limoges | Bordeaux | Libourne | Agen | Royan,1,2,2,2,1,0,2,1,3,1,0,0,1,,,,
Ms4300,42,1660,Ms4300/42/22/38,14 septembre 1675,1675-09-14,2,271 x 177,cordelette rouge | timbre et filigrane usine à papier,papier,manuscrit,,347,Actes relatifs a la sg.rie de Chambret,Chambret,"""[Pierrebuffière de Chamberet, de Montroux Anne Jeanne de] | [Beau...], Leonard | Pontac [de Haut-Brion], [premier président Arnaud de]""",Limoges,1,2,2,2,1,0,2,0,2,2,0,0,0,,,,
Ms4300,42,1660,Ms4300/42/22/39,1675 11 7bre,1675-09-11,1,273 x 175,cordelette rouge,papier,manuscrit,,347,Actes relatifs a la sg.rie de Chambret,Chambret,"""Pierrebuffière de Chamberet, [de Montroux] Anne [Jeanne] de | [Beau...], Leonard | Castelnau, [de Pierrebuffière] de Thurin [Marie] de""",null,3,2,2,3,3,0,1,1,1,1,0,0,0,,,,
Ms4300,42,1660,Ms4300/42/22/40,XVII siècle,1600-1699,5,307 x 204,cordelette rouge | fuillets tenus ensemble par une épingle | fait avant le 1649,papier,manuscrit,memoire,347,Actes relatifs a la sg.rie de Chambret,Chambret,"""Pierrebuffière de Chamberet, marquis Henri de | [Pons, de Pierrebuffière Anne de] | Pontac [de Haut-Brion], premier président Arnaud de | Favas, [de Caumont de Bassabat] Jeanne de""",Chamberet | Châteauneuf-la-Forêt,1,2,2,2,1,0,1,3,2,3,0,0,0,,,,
Ms4300,42,1660,Ms4300/42/23/1,1660 13 avril,1660-04-13,1,251 x 188,cordelette rouge,papier,manuscrit,quittance,347,Devers recus [d...] par le [s...] de l'hopital st Andre a Mr Le Comte,[...] (hopital st Andre) | Le Comte,"""Le Comte de La Tresne, président [François-Arthus]""",Hôpital saint-André | Bordeaux,0,2,1,2,1,0,1,0,1,2,0,0,0,,,,
Ms4300,42,1660,Ms4300/42/23/2,1660 28 avril,1660-04-28,1,152 x 211,cordelette rouge,papier,manuscrit,quittance,347,Devers recus [d...] par le [s...] de l'hopital st Andre a Mr Le Comte,[...] (hopital st Andre) | Le Comte,"""Le Comte [de La Tresne], président [François-Arthus]""",Hopital saint-André | Bordeaux,0,1,1,2,1,0,0,0,1,1,0,0,0,,,,
Ms4300,42,1660,Ms4300/42/23/3,25 avril 1660,1660-04,1,255 x 186,cordelette rouge,papier,manuscrit,quittance,347,Devers recus [d...] par le [s...] de l'hopital st Andre a Mr Le Comte,[...] (hopital st Andre) | Le Comte,"""[Daffis, de Le Comte Catherine] | Le Comte [de La Tresne], président [François-Arthus]""",Hopital saint-André | Bordeaux,1,1,1,2,1,0,1,0,1,2,0,0,0,,,,
Ms4300,42,1660,Ms4300/42/23/4,1662 16 xbre,1662-12-16,1,257 x 187,cordelette rouge,papier,manuscrit,quittance,347,Devers recus [d...] par le [s...] de l'hopital st Andre a Mr Le Comte,[...] (hopital st Andre) | Le Comte,"""[Le Comte] de La Tresne, président [François-Arthus]""",Hopital saint-André | Bordeaux,0,1,2,2,1,0,0,0,1,1,0,0,0,,,,
Ms4300,42,1660,Ms4300/42/23/5,1662 25 juin,1662-06-25,4,249 x 189,cordelette rouge,papier,manuscrit,acte notarié,347,Devers recus [d...] par le [s...] de l'hopital st Andre a Mr Le Comte,[...] (hopital st Andre) | Le Comte,"""[Maret], François | [Le Comte] de La Tresne, président François-Arthus | Le Comte, Jeanne""",Hopital saint-André | Bordeaux,1,2,2,3,1,0,1,0,3,3,0,0,0,,,,
Ms4300,42,1660,Ms4300/42/24/1,XIX siècle,1800-1899,2,284 x 225,"chemise du XIX siècle en protéction des documents Ms4300/42/24/2,3,4",papier,manuscrit,document d'archive,null,null,null,"""Gourgue, président [Jean] de | [Le Comte] de La Tresne, [président François-Arthus]""",null,0,1,0,0,0,0,0,0,0,0,0,0,0,,,,
Ms4300,42,1660,Ms4300/42/24/2,1660 avril 18,1660-04-18,2,224 x 169,cachets de cire rouge,papier,manuscrit,lettre,null,null,null,"""Gourgue, président [Jean] de | [Le Comte] de La Tresne, [président François-Arthus] | Massiot, présidente Daffis Anne de""",Grenoble | Bordeaux,1,2,2,2,1,0,1,3,1,1,0,0,0,,,,
Ms4300,42,1660,Ms4300/42/24/3,XVII siècle,1600-1699,2,229 x 169,cachets de cire rouge,papier,manuscrit,lettre,null,null,null,"""Gourgue, président [Jean] de | [Le Comte] de La Tresne, [président François-Arthus] | [Larcher], présidente de Gourgue [Marie]""",Bordeaux | Guyenne,1,3,2,3,0,0,1,0,3,1,0,0,0,,,,
Ms4300,42,1660,Ms4300/42/25,1660 avril 19,1660-04-19,2,197 x 154,cachets de cire rouge,papier,manuscrit,lettre,null,null,null,"""[Le Comte] de La Tresne, [président François-Arthus] | Distis, [?]""",Latresne | Bordeaux,3,1,0,2,3,0,2,1,1,0,2,0,0,,,,
Ms4300,42,1660,Ms4300/42/26,1660 24 avril,1660-04-24,1,129 x 366,,parchemin,manuscrit,acte notarié,347,Mandement pour faire payer diverses sommes a Mr Le Comte et de Pichon lagataires d'Anne de Massiot,Le Comte | de Pichon | de Massiot,"""Le Comte de La Tresne, président François-Arthus | Daffis, [de Le Comte] Catherine | Massiot, [présidente Daffis] Anne de | Pichon de Longueville, président Bernard de | Daffis, [de Saint-Gelais de Pichon], Anne de""",Bordeaux,1,3,0,2,0,0,2,2,2,0,0,0,0,,,,
Ms4300,42,1660,Ms4300/42/27,1660 28 avril,1660-04-28,1,254 x 177,,papier,manuscrit,acte notarié,347,"Extrait du livre de la destribution du greffe de Guienne, concernant Mr. Arnaud de st Genes et Asdrubal de Géres",de st Genes | de Géres,"""Saint-Genès, [...] | Géres, Asdrubal de""",Guyenne,1,2,1,2,2,0,2,1,2,3,0,0,0,,,,
Ms4300,42,1660,Ms4300/42/28,1660 30 avril,1660-04-30,2,251 x 182,,papier,manuscrit,requête,347,Requete de Jean Vergnot,Vergnot,"""Vergniot, Jean | Vergniot, Elie | Vergniot, Pierre | Demons, [François]""",Guyenne | Bordeaux,1,2,1,3,1,0,1,0,1,1,2,0,0,,,,
Ms4300,42,1660,Ms4300/42/29/1,XIX siècle,1800-1899,2,278 x 226,chemise du XIX siècle en protéction du document Ms4300/42/29/2,papier,manuscrit,document d'archive,null,null,null,"""[Nogaret] d'É[s]pernon, duc [Bernard] de| [Le Comte] de La Tresne, [président François-Arthus]""",null,0,1,0,0,0,0,1,0,0,0,0,0,0,,,,
Ms4300,42,1660,Ms4300/42/29/2,1660 mai 2,1660-05-02,2,231 x 166,cachets de cire rouge,papier,manuscrit,lettre,null,null,null,"""[Nogaret] d'É[s]pernon, duc [Bernard] de | [Le Comte] de La Tresne, [président François-Arthus]""",Bayonne | Bordeaux,1,2,1,3,1,0,1,2,2,3,1,0,0,,,,
Ms4300,42,1660,Ms4300/42/30,1660 mai 4,1660-05-04,2,250 x 177,cachets de cire rouge,papier,manuscrit,lettre,null,null,null,"""Daunefort, [Guillaume] | [Le Comte] de La Tresne, président [François-Arthus]""",[Saint-Nicolas] | Bordeaux | Oléron,1,2,0,3,1,0,1,0,3,3,0,0,0,,,,
Ms4300,42,1660,Ms4300/42/31,1660 mai 4,1660-05-04,2,251 x 179,,papier,manuscrit,lettre,null,null,null,"""Chicquet, sœur [?] | Le Comte de La Tresne, président [François-Arthus]""",Marmande | Bordeaux,3,2,1,2,1,0,2,3,1,1,0,0,0,,,,
Ms4300,42,1660,Ms4300/42/32,1660 7 mai,1660-05-07,1,245 x 184,,papier,manuscrit,contrat,347,Bail [...] nouveau par Pierre de Raymond sgr de [Tour] de vignes à Camblanes,Camblanes | Raymond | La Tour,"""Raymond de La Tour, Pierre de | [Pontac de Haut-Brion], p[remier] p[résident Arnaud de] | [Le Comte] de La Tresne, président [François-Arthus]""",Camblanes-et-Meynac | Bordeaux,0,1,0,2,1,0,1,1,1,1,0,0,0,,,,
Ms4300,42,1660,Ms4300/42/33,1660 mai 11,1660-05-11,2,253 x 178,,papier,manuscrit,lettre,null,null,null,"""Perés de Goudourville, [?] de | Le Comte [de La Tresne], président [François-Arthus] | [Massiot, présidente] Daffis [Anne de]""",Bordeaux | Goudourville,3,2,3,3,1,0,1,1,2,3,0,0,0,,,x,x
Ms4300,42,1660,Ms4300/42/34,15 may 1660,1660-05-15,4,323 x 217,timbre et filigrane usine à papier,papier,manuscrit,acte notarié,347,Recom. en faveur d'Alphonse de La Lanne d'une terre à Calamiac,Calamiac | de La Lanne,"""[L...], Gaston | [L...], Louis | [Royalles], [C...] | [Faure], Pierre | [Danglade], Gaston | [Leguin], Françoise | [O...], Jeanne d' | Lalanne de Rouaillon, Alphonse de""",Chateau Tustal | Bordeaux | Guyenne,1,2,2,2,1,0,1,1,3,2,2,0,2,,,,
Ms4300,42,1660,Ms4300/42/35,1660 15 mai,1660-05-15,1,280 x 181,copie du document Ms4300/42/34,papier,manuscrit,acte notarié,null,null,null,"""[L...], Gaston | [L...], Louis | [Royalles], [C...] | [Faure], Pierre | [Danglade], Gaston | [Leguin], Françoise | [O...], Jeanne d' | Lalanne de Rouaillon, Alphonse de""",Chateau Tustal | Bordeaux | Guyenne,0,2,1,2,1,0,1,1,1,0,0,0,0,,,,
Ms4300,42,1660,Ms4300/42/36,1660 mai 25,1660-05-25,2,205 x 152,cachets de cire rouge,papier,manuscrit,lettre,null,null,null,"""[Thou], première présidente [de Pontac Gabrielle Louise de] | [Pontac, de Le Comte] Marie [Anne de] | [...]""",Bordeaux,0,2,2,3,0,0,0,1,2,1,0,0,0,,,,
Ms4300,42,1660,Ms4300/42/37,1660 28 mai,1660-05-28,2,348 x 240,,papier,manuscrit,lettre,347,Lettre de Mr de Pontac a Mr La Vrillière à propos du livre de [W...] janseniste,La Vrillière | Jansenisme,"""La Vrillière, [?] de | [W...], [?] de""",null,3,2,3,3,1,0,1,0,2,3,0,0,0,,,,
Ms4300,42,1660,Ms4300/42/38,1660 mai 29,1660-05-09,1,251 x 179,,papier,manuscrit,lettre,347,Lettre de Mr de Pontac a Mr de La Vrillière a propos de la distruction de ressort de quelques senechaussée des Lannes...,de Pontac | de La Vrillière | Les Lanes,"""La Vrillière, [?] de | [Le Comte de La Tresne, président François-Arthus]""",Lannes,0,1,1,2,1,0,0,0,2,2,0,0,0,,,,
Ms4300,42,1660,Ms4300/42/39,1660 mai 30,1660-05-30,2,187 x 130,cachets de cire rouge,papier,manuscrit,lettre,null,null,null,"""Distis, [?] | Le Comte de La Tresne, président [François-Arthus]""",Latresne | Bordeaux,1,2,1,2,1,0,0,2,1,1,2,0,0,,,,
Ms4300,42,1660,Ms4300/42/40,1660 mai 31,1660-05-31,4,247 x 182,timbre et filigrane usine à papier,papier,manuscrit,acte judiciaire,347,"""Afferme judiciaire des [...] des enfants de Mr de Tarneau, [S...] à Talence, a Mr de Pomiés""",de Tarneau | Talence | de Pomiès,"""Tarneau, [président François] de | [Pomiés], Pierre""",Guyenne | Bordeaux,1,1,0,2,1,0,1,0,3,1,0,0,0,,,,
Ms4300,42,1660,Ms4300/42/41,1660 1r juin,1660-06-01,2,250 x 177,,papier,manuscrit,acte notarié,347,"""Afferme par frère de Pichon, commandant du Temple de Bordeaux, à Pierre de [Caza...], du quartier de Bellos à Salles""",de Pichon | Bdx (le Temple) | Salles,"""Pichon, Jacques de""","Guyenne | Salles | Bilos (Salles) | Bordeaux | Commanderie du Temple (16 Rue du Temple, 33000, Bordeaux)",0,2,3,2,3,0,1,1,2,3,2,0,2,,,x,
Ms4300,42,1660,Ms4300/42/42,1660 4 juin,1660-06-04,2,,,papier,manuscrit,lettre,null,null,null,"""La Vrillière, [?] de | Pontac [de Haut-Brion], premier président [Arnaud] de | [Bourbon, Louis XIV de] | [Habsburg, de Bourbon Marie-Thérèse von]""",Pau | Bordeaux | Saint-Jean-de-Luz | Fontarabie,0,2,0,2,0,0,1,0,2,2,0,0,0,,,,x
Ms4300,42,1660,Ms4300/42/43,1660 6 juin,1660-06-06,4,253 x 189,,papier,manuscrit,quittance,348,Quittance d'une somme de 45 lt pour [Cousiney] à Bordes de ste Croix du Mont,[Cous...] | ste Croix du Mont,"""Bordes, Jean | [Cousiney], Pierre""",Sainte-Croix-du-Mont | Montpouillan | [Cadillac-sur-Garonne],2,1,1,3,2,0,1,2,2,2,0,0,1,,,,
Ms4300,42,1660,Ms4300/42/44,1660 7 juin,1660-06-07,1,253 x 191,copie du document Ms4300/42/45,papier,manuscrit,acte notarié,null,null,null,"""Masson, [Artaud] | [Spens] d'Estignols, conseiller Jean Jacques [de] | Pontac, [de Spens d'Estignols] Marguerite de""",Bordeaux | Guyenne | Saint Pierre (Bordeaux),1,2,1,2,1,0,0,0,2,1,0,0,0,,,,
Ms4300,42,1660,Ms4300/42/45,1660 7 juin,1660-06-07,2,250 x 186,,papier,manuscrit,acte notarié,348,Acte pour lequel [Artaud] Masson déclare que Marguerite de Pontac [n'a] lui cedé qu'une somme de 3000 lt,de Pontac,"""Masson, [Artaud] | [Spens] d'Estignols, conseiller Jean Jacques [de] | Pontac, [de Spens d'Estignols] Marguerite de""",Bordeaux | Guyonne | Saint Pierre (Bordeaux),0,1,1,1,1,0,1,1,3,1,0,0,0,,,,
Ms4300,42,1660,Ms4300/42/46,1660 7 juin,1660-06-07,4,248 x 187,,papier,manuscrit,contrat,348,Transaction entre les susdits a propos d'une somme de 4504 lt par la d. dame,de Pontac,"""Masson, [Artaud] | [Spens] d'Estignols, conseiller Jean Jacques [de] | Pontac, [de Spens] d'Estignols Marguerite de""",Bordeaux | Guyonne,1,2,2,3,1,0,1,1,2,1,0,0,0,,,,
Ms4300,42,1660,Ms4300/42/47,1660 14 juin,1660-06-14,1,252 x 174,,papier,manuscrit,acte notarié,348,Lettres royales autorisant Fr. Arthus Le Comte de [venir] defendre contre Pierre du Perièr,du Perièr | Le Comte,"""Périer de l'Isle Fort, Pierre du | Le Comte de La Tresne, président François-Arthus | Le Comte [de La Tresne], président Jacques""",Bordeaux,1,2,2,2,1,0,1,1,3,2,0,0,0,,,,
Ms4300,42,1660,Ms4300/42/48,1660 16 juin,1660-06-16,1,253 x 176,,papier,manuscrit,acte notarié,348,"""Assignation a la requête de Pierre du Perièr, à Mr Le Comte de comparaitre devant le parlt de Bdx""",du Periér | Le Comte,"""Périer de l'Isle Fort, Pierre du | Le Comte [de La Tresne], président François-Arthus""",Bordeaux | Guyenne,2,3,2,3,3,0,2,1,2,1,2,0,0,,,,
Ms4300,42,1660,Ms4300/42/49,1660 juin 19,1660-06-19,1,130 x 189,,papier,manuscrit,lettre,null,null,null,"""[Le Comte de La Tresne, président François-Arthus] | Distis, [?]""",Latresne,1,2,0,2,1,0,0,0,1,1,0,0,0,,,,
Ms4300,42,1660,Ms4300/42/50,1660 19 juin,1660-06-19,2,247 x 182,,papier,manuscrit,quittance,348,Quittance d'une somme de 150 lt conseigné [pr...] de Louis d'Aix,d'Aix,"""Galibert, Pierre | Aix, Louis de""",Bordeaux | Guyenne,1,3,1,2,2,0,1,1,3,3,0,0,0,,,,
Ms4300,42,1660,Ms4300/42/51,1660 17 juillet,1660-07-17,4,256 x 191,,papier,manuscrit,inventaire,348,Etat fait contre Mr Le Comte à propos d'une somme de 19206 lt 4 s 8 d cedé qu d. Le Comte par Mr de Geneste,de Geneste | Le Comte,"""Le Comte de La Tresne, président [François-Arthus] | […]""",null,0,2,1,2,1,0,1,0,2,2,2,0,0,,,,
Ms4300,42,1660,Ms4300/42/52/1,1660 27 août,1660-08-27,1,247 x 183,cordelette rouge,papier,manuscrit,acte notarié,348,Assignation au Sr Lestrade pour [av...] la promesse d'une somme de 600 lt en faveur du Sr Pomiés,Lestrade | Pomiés,"""Lestrade, Guillaume | [Pomiés], Pierre""",Guyenne,0,3,3,3,1,0,2,1,2,1,0,0,0,,,,
Ms4300,42,1660,Ms4300/42/52/2,1662 30 janvr,1662-01-30,1,251 x 178,cordelette rouge,papier,manuscrit,acte notarié,null,null,null,"""Lestrade, Guillaume""",Guyenne,1,2,1,2,1,0,1,1,1,1,0,0,0,,,,
Ms4300,42,1660,Ms4300/42/53,1660 28 août,1660-08-28,1,253 x 180,,papier,manuscrit,acte judiciaire,348,Defaut levé devant le [se...] de Guienne contre le Sr Lestrade,Lestrade,"""[Pomiés], Pierre | Lestrade, [Guillaume]""",Guyenne | Bordeaux,1,2,2,3,1,0,2,0,1,2,0,0,0,,,,
Ms4300,42,1660,Ms4300/42/54,1660 oct 12,1660-10-12,2,203 x 148,cachets de cire rouge,papier,manuscrit,lettre,null,null,null,"""[Pontac de Haut-Brion], premier président [Arnaud de] | [...aille], [?]""",Bordeaux | Uzerche | Chamberet,1,2,0,2,1,0,0,0,1,2,0,0,0,,,,
Ms4300,42,1660,Ms4300/42/55,1660 12 8bre,1660-10-12,2,256 x 189,,papier,manuscrit,contrat,348,Cession de l'achat d'une terre a St [...] par Jean Bayle a Thomas Solmiac,St [...],[...],Guyenne | Bordeaux,1,1,1,2,1,0,1,1,2,1,0,0,0,,,,
Ms4300,42,1660,Ms4300/42/56,1660 octobre 18,1660-10-18,2,250 x 186,,papier,manuscrit,lettre,348,Lettre de Mr de Pontac à Mr de La Vrillière au sujet d'un arret du parlt de Rennes pour l'impôt de 50 s par tonneau. Emprisonnement d'un imprimeur a ce sujet,de Pontac | de La Vrillière | impôt sur le vin,"""La Vrillière, [?] de""",Rennes,1,1,1,2,1,0,1,0,2,2,0,0,0,,,,
Ms4300,42,1660,Ms4300/42/57,1660 21 oct,1660-10-21,1,255 x 187,,papier,manuscrit,lettre,null,null,null,"""La Vrillière, [?] de""",Rennes,1,1,0,2,1,0,1,0,2,2,0,0,0,,,,
Ms4300,42,1660,Ms4300/42/58,1660 octobre 23,1660-10-23,2,199 x 148,cachets de cire rouge,papier,manuscrit,lettre,null,null,null,"""Pierrebuffière, [de Pierrebuffière de Ferrières] Marguerite de | [Ferrières] de Sauvebœuf, [Charles-Anthoine de] | [La Biche] de Reignefort, [Matthieu de] | [...]""",Chamberet | Limoges | Paris,2,2,3,3,2,0,1,1,3,3,0,0,0,,,,
Ms4300,42,1660,Ms4300/42/59,23 octobre 1660,1660-10-23,2,252 x 185,copie du document Ms4300/42/58,papier,manuscrit,lettre,null,null,null,"""Pierrebuffière, [de Pierrebuffière de Ferrières] Marguerite de | [Ferrières] de Sauvebœuf, [Charles-Anthoine de] | [La Biche] de Reignefort, [Matthieu de] | [...]""",Chamberet | Limoges | Paris,0,1,1,2,1,0,2,0,2,2,0,0,0,,,,
Ms4300,42,1660,Ms4300/42/60/1,1660 nov 8,1660 -11-08,3,249 x 186,fuillets tenus ensemble par une épingle,papier,manuscrit,lettre,349,"""Lettre a Mr de La Vrillière au sujet de l'arret du parlt de Rennes, et du [...] entre Mrs de [Litran] et de la Beylie""",de La Vrillière | de (Litran] | de La Beylie,"""La Vrillière, [?] de | La [Belye], [Jean] de | [Dusault, conseiller Jean Olivier] | [...]""",Bordeaux | Rennes,0,2,1,3,1,0,1,0,2,2,0,0,0,,,,
Ms4300,42,1660,Ms4300/42/60/2,1660 nov 22,1660-11-22,2,251 x 185,document gardé dans le document Ms4300/42/59/1,papier,manuscrit,lettre,null,null,null,"""La Vrillière, [?] de | La [Belye], [Jean] de | [Nogaret] d'É[s]pernon, duc [Bernard] de | [Dusault, conseiller Jean Olivier] | [...]""",null,1,2,1,2,1,0,1,0,2,2,0,0,0,,,,
Ms4300,42,1660,Ms4300/42/60/3,1660 nov 25,1660-11-25,2,253 x 182,document gardé dans le document Ms4300/42/59/1,papier,manuscrit,lettre,null,null,null,"""La Vrillière, [?] de | [Dusault, conseiller Jean Olivier] | [...]""",null,1,2,1,2,2,0,0,0,1,2,0,0,0,,,,
Ms4300,42,1660,Ms4300/42/60/4,1660 dec 27,1660-12-27,1,251 x 186,document gardé dans le document Ms4300/42/59/1,papier,manuscrit,lettre,null,null,null,"""La Vrillière, [?] de | [Dusault, conseiller Jean Olivier] | [...]""",null,1,2,0,2,1,0,0,0,1,2,0,0,0,,,,
Ms4300,42,1660,Ms4300/42/61,1660 nov 15,1660-11-15,2,251 x 185,,papier,manuscrit,lettre,349,Lettre a Mr de La Vrillière a propos d'un [a...] [...] du Château Trompette,de La Vrillière | Château Trompette,"""La Vrillière, [?] de""",Château-Trompette,0,2,0,2,1,0,0,0,2,2,0,0,0,,,,
Ms4300,42,1660,Ms4300/42/62,1660 nov 15,1660-11-15,2,251 x 185,copie du document Ms4300/42/60,papier,manuscrit,lettre,null,null,null,"""La Vrillière, [?] de""",Château-Trompette,1,2,0,2,1,0,1,0,2,2,0,0,0,,,,
Ms4300,42,1660,Ms4300/42/63,1660 déc 20,1660-12-20,2,252 x 183,,papier,manuscrit,lettre,349,Lettre de Mr de Pontac a Mr de la Vrillière à propos de la paulette,de Pontac | de La Vrillière,"""La Vrillière, [?] de | [Bourbon, Louis XIV de] | [Dusault, conseiller Jean Olivier]""",Saint-Jean-de-Luz | Paris,1,2,1,2,1,0,1,0,2,2,0,0,0,,,,
Ms4300,42,1660,Ms4300/42/64,1660 (22 xbre?),1660-12-22,2,255 x 193,,papier,manuscrit,discours,349,Haranque prononcée a Langon devant le roi par un jurat de Bdx,Langon,"""[Bourbon, Louis XIV de]""",Langon,3,2,2,3,1,0,1,0,3,2,1,0,0,,,,
Ms4300,42,1660,Ms4300/42/65,1660 27 xbre,1660-12-27,1,255 x 186,,papier,manuscrit,contrat,null,null,null,"""Le Comte de La Tresne, président François-Arthus | Bernard, Pierre | Bernard, Pierre (2) | Bernard, Raymond""",null,1,2,2,3,1,0,1,1,2,1,0,0,0,,,,
Ms4300,42,1660,Ms4300/42/66,1660,1660,6,254 x 188,,papier,manuscrit,contrat,349,Transaction entre Jean Le Comte et Mme de La Feurière,de La Feurière | Le Comte,"""Le Comte de La Tresne, premier président Jean[-Baptiste] | La [Feurière], Pierre de | Arnaud, de La [Feurière] Marie d' | Le Comte de La Tresne, président Jacques""",Latresne | Cénac | Lamothe,1,2,1,3,2,0,2,1,2,1,2,0,0,,,,
Ms4300,42,1660,Ms4300/42/67,1660,1660,1,230 x 169,,papier,manuscrit,acte notarié,null,null,null,"""Lalanne de Rouaillon, Alphonse de""",Château-Trompette,1,2,2,3,2,0,1,1,2,3,0,0,0,,,,
Ms4300,42,1660,Ms4300/42/68,1660,1660,2,251 x 182,calculs annotés dans la dernière page,papier,manuscrit,lettre,null,null,null,"""Le Comte de La Tresne, président [François-Arthus] | Pichon, [de Faudoas] Marie Anne de | [Pichon, Catherine de] | [Daffis, de Saint-Gelais de Pichon, Anne de] | Daffis, de Le Comte Catherine""",Bordeaux,1,1,1,3,2,0,1,1,2,1,1,0,0,,,,
Ms4300,42,1660,Ms4300/42/69,vers 1660,1660,8,300 x 202,,papier,manuscrit, memoire,null,null,null,"""Pontac d'Anglade, [François de] | Le Comte de La Tresne, président [François-Arthus] | Mérignac, [de Vacquey de Pontac] Guyonne de | Lamothe, [de Ségur de Mandosse] Anne de | Mérignac, Gabriel de | Ségur [de Francs], Jacquette de | Ségur [de Francs], Guyonne de | Vacquey, de Mérignac Catherine de""",null,1,1,1,2,1,0,1,0,2,2,0,0,0,,,,
Ms4300,42,1660,Ms4300/42/70,vers 1660,1660,2,250 x 180,,papier,manuscrit,memoire,349,Reconnaisance par Jean de [Va...] a Mr Le Comte,de [Va...] | Le Comte,"""[Va...], Jean de""",paroisse Saint-Michel (Bordeaux),1,1,1,3,1,0,1,0,2,1,0,0,0,,,,
Ms4300,42,1660,Ms4300/42/71,vers 1660,1660,2,247 x 172,,papier,manuscrit,contratto,349,"""Projet de contrat de vente par Mr de [J...] a Pierre du Perièr de Larsan, de la maison noble de [J...]""",[J...] | du Perièr | Larsan,"""Périer [de l'Isle Fort], Pierre du""",null,2,2,2,3,1,0,2,2,3,1,0,0,0,,,,
Ms4300,42,1660,Ms4300/42/72,vers 1660,1660,4,281 x 201,,papier,manuscrit,acte notarié,349,Memoire pour servir a Mr Le Comte contre Mr de Pontac,de Pontac,"""Pontac [de Haut-Brion], p[remier] président [Arnaud] de""",null,3,2,3,3,3,0,2,1,2,1,1,0,0,,,,
Ms4300,42,1660,Ms4300/42/73,vers 1660,1660,12,272 x 185,,papier,manuscrit,memoire,349,[...] en faveur de Mr de Pontac contre Jacques Le Comte a propos de la succession d'Anne de La Motte,de La Motte | de Pontac | Le comte,"""Pontac d'Anglade, François de | Mérignac, [de Vacquey de Pontac] Guyonne de | Mérignac, Gabriel de | Ségur [de Francs], Guyonne de | Ségur [de Francs], Jacquette de | Ségur [de Francs], François de | Le Comte de La Tresne, président Jacques | [...]""",Bordeaux,3,3,2,2,1,0,2,1,2,1,0,0,0,,,,
Ms4300,42,1660,Ms4300/42/74,vers 1660,1660,1,257 x 188,,papier,manuscrit,communication,349,Procuration donnée par Mr de Gourgue pour faire payer des sommes à lui dues par Mme de Lestonnac,de Gourgue | de Lestonnac,"""Gourgue, président [Jean] de | [Mullet, d'Aulède] de Lestonnac [Catherine] de | [Le Comte] de La Tresne, président [Jacques]""",Bordeaux,1,2,0,2,1,0,1,0,2,2,0,0,0,,,,
Ms4300,42,1660,Ms4300/42/75,vers 1660,1660,8,288 x 205,,papier,manuscrit,inventaire,349,Inventaire des pièces produits par M. de Gourgue concernant la destribution des [de...] de l'office du president vendu à Mr Grimard,de Gourgue | Grimard,"""Gourgue, président [Jean] de""",Bordeaux,2,1,3,3,2,0,2,1,2,2,2,0,0,,,,
Ms4300,42,1660,Ms4300/42/76/1,15 fevr 1662,1662-02-15,2,330 x 207,"utilisé pour contenir les autres documents, été fermé par une longue cordelette",papier,manuscrit,memoire,349,Pièces relatives a la seigrie de Châteauneuf [...] du marquis de Chambret,Châteauneuf | Chambret,"""[Favas, de Caumont de Bassabat Jeanne de] | [Pierrebuffière] de Chamberet, marquis [Henri de] | [Castelnau, de Pierrebuffière] de Thurin [Marie de] | [Pontac de Haut-Brion], p[remier] p[résident Arnaud de] | [Pierrebuffière de Chamberet, de Montroux Anne Jeanne de] | [Pierrebuffière, de Pierrebuffière marquise Françoise de] | [Lanoaille], juge de Chamberet [François]""",null,3,2,1,3,1,0,2,0,3,3,0,0,0,,,(insieme di danni molto interessante),
Ms4300,42,1660,Ms4300/42/76/2/1,vers 1660,1660,2,256 x 183,,papier,manuscrit,memoire,349,Pièces relatives a la seigrie de Châteauneuf [...] du marquis de Chambret,Châteauneuf | Chambret,"""[Favas, de Caumont de Bassabat Jeanne de] | [Pierrebuffière] de Chamberet, marquis [Henri de] | [Pierrebuffière de Chamberet, de Montroux Anne Jeanne de] | [Lanoaille], juge de Chamberet [François] | [Pontac de Haut-Brion], premier président [Arnaud de]""",Chamberet,0,2,1,3,1,0,1,0,2,2,0,0,0,,,,
Ms4300,42,1660,Ms4300/42/76/2/2,XVII siècle,1600-1699,2,256 x 180,,papier,manuscrit,memoire,349,Pièces relatives a la seigrie de Châteauneuf [...] du marquis de Chambret,Châteauneuf | Chambret,"""[Pontac de Haut-Brion], p[remier] p[résident Arnaud de]""",Chamberet | Limoges,0,2,0,2,1,0,1,0,2,2,0,0,0,,,,
Ms4300,42,1660,Ms4300/42/76/2/3,XVII siècle,1600-1699,2,253 x 182,,papier,manuscrit,memoire,349,Pièces relatives a la seigrie de Châteauneuf [...] du marquis de Chambret,Châteauneuf | Chambret,"""Pontac [de Haut-Brion], [premier président] Arnaud de | Favas, [de Caumont de Bassabat] J[eanne] de""",Chamberet,0,2,1,3,1,0,1,0,2,1,0,0,0,,,,
Ms4300,42,1660,Ms4300/42/76/2/4,XVII siècle,1600-1699,2,256 x 180,,papier,manuscrit,memoire,349,Pièces relatives a la seigrie de Châteauneuf [...] du marquis de Chambret,Châteauneuf | Chambret,"""[Pontac de Haut-Brion], premier président [Arnaud de]""",Chamberet | Limoges,0,2,1,2,1,0,1,0,2,1,0,0,0,,,,
Ms4300,42,1660,Ms4300/42/76/2/5,XVII siècle,1600-1699,2,260 x 193,,papier,manuscrit,memoire,349,Pièces relatives a la seigrie de Châteauneuf [...] du marquis de Chambret,Châteauneuf | Chambret,"""Pontac [de Haut-Brion], premier président [Arnaud de] | Le Comte de La Tresne, [président François-Arthus]""",Podensac,1,2,3,3,1,0,2,1,1,3,2,0,0,,,,
Ms4300,42,1660,Ms4300/42/76/2/6/1,XVII siècle,1600-1699,2,306 x 207,,papier,manuscrit,memoire,349,Pièces relatives a la seigrie de Châteauneuf [...] du marquis de Chambret,Châteauneuf | Chambret,"""[Pontac de Haut-Brion], [premier président] Arnaud de | Favas, [de Caumont de Bassabat] J[eanne] de""",,1,2,1,3,1,0,1,0,2,3,0,0,0,,,,
Ms4300,42,1660,Ms4300/42/76/2/6/2,XVII siècle,1600-1699,2,371 x 250,,papier,manuscrit,memoire,349,Pièces relatives a la seigrie de Châteauneuf [...] du marquis de Chambret,Châteauneuf | Chambret,"""[Favas, de Caumont de Bassabat Jeanne de] | [Castelnau, de Pierrebuffière] de Thurin [Marie de] | [Pontac de Haut-Brion], premier [président Arnaud de] | [Pierrebuffière, de Pierrebuffière marquise Françoise de]""",Chamberet,1,2,2,3,1,0,2,0,2,2,2,0,0,,,,
Ms4300,42,1660,Ms4300/42/76/3,XVII siècle,1600-1699,2,318 x 215,,papier,manuscrit,memoire,349,Pièces relatives a la seigrie de Châteauneuf [...] du marquis de Chambret,Châteauneuf | Chambret,[...],Chamberet,1,2,1,1,1,0,1,1,1,3,0,0,0,,,,
Ms4300,42,1660,Ms4300/42/76/4,2 aoust 1663,1663-08-02,2,282 x 174,,papier,manuscrit,memoire,349,Pièces relatives a la seigrie de Châteauneuf [...] du marquis de Chambret,Châteauneuf | Chambret,"""[Pierrebuffière, Charles de] | Le Breton, Jean""",Chamberet,1,2,1,2,1,0,1,1,2,1,0,0,0,,,,
Ms4300,42,1660,Ms4300/42/76/5,25 may 1671,1667-05-25,2,304 x 196,,papier,manuscrit,memoire,349,Pièces relatives a la seigrie de Châteauneuf [...] du marquis de Chambret,Châteauneuf | Chambret,"""La Biche de Reignefort, [Matthieu] de | La Biche de Reignefort, [Jacques] de | [Pierrebuffière] de Chamberet, [de Montroux Anne Jeanne] de""",Chamberet,1,2,2,2,1,0,1,1,2,1,0,0,0,,,,
Ms4300,42,1660,Ms4300/42/76/6,aoust 1663,1663-08,4,251 x 180,,papier,manuscrit,memoire,349,Pièces relatives a la seigrie de Châteauneuf [...] du marquis de Chambret,Châteauneuf | Chambret,"""[Pierrebuffière] de Chamberet, [de Montroux Anne Jeanne] de | [Pontac de Haut-Brion], premier président [Arnaud de]""",Limoges | Chamberet | Paris,1,1,2,2,2,0,1,1,3,3,0,0,0,,,,
Ms4300,42,1660,Ms4300/42/76/7,XVII siècle,1600-1699,2,253 x 178,,papier,manuscrit,memoire,349,Pièces relatives a la seigrie de Châteauneuf [...] du marquis de Chambret,Châteauneuf | Chambret,"""[Pierrebuffière] de Chamberet, [de Montroux Anne Jeanne] de | [Pontac de Haut-Brion], p[remier] p[résident Arnaud de]""",null,1,1,2,3,2,0,1,1,2,3,0,0,0,,,,
Ms4300,42,1660,Ms4300/42/76/8,3 decemb 1672,1672-12-03,2,253 x 179,,papier,manuscrit,memoire,349,Pièces relatives a la seigrie de Châteauneuf [...] du marquis de Chambret,Châteauneuf | Chambret,"""[Pierrebuffière, de Pierrebuffière marquise Françoise de] | [Pierrebuffière de Chamberet, marquis Henri de]""",Bordeaux,1,1,1,2,1,0,1,1,1,2,0,0,0,,,,
Ms4300,42,1660,Ms4300/42/76/9,XVII siècle,1600-1699,6,252 x 184,fuillets tenus ensemble par un clou,papier,manuscrit,memoire,349,Pièces relatives a la seigrie de Châteauneuf [...] du marquis de Chambret,Châteauneuf | Chambret,"""[Pontac de Haut-Brion], premier président [Arnaud de] | Soefue, conseiller Claude] | Sageau, [Joseph de] | [Lanoaille], juge de Chamberet [François] | [La Biche] de Reignefort, [Matthieu de]""",Chamberet | Uzerche,1,2,1,3,1,0,2,0,3,2,0,0,0,,,,
Ms4300,42,1660,Ms4300/42/76/10,XVII siècle,1600-1699,1,261 x 195,,papier,manuscrit,memoire,349,Pièces relatives a la seigrie de Châteauneuf [...] du marquis de Chambret,Châteauneuf | Chambret,"""[Pierrebuffière, de Pierrebuffière marquise Françoise de] | [Castelnau, de Pierrebuffière] de Thurin [Marie de] | [Pierrebuffière, de La Baume-Forsac Anne de] | [Lanoaille], juge de Chamberet [François] | [Pontac de Haut-Brion], premier président [Arnaud de] | [Aydie] de Bernardières, [Armand d']""",Limoges | Chamberet | Montauban,1,1,0,2,1,0,1,1,1,0,0,0,0,,,,x
Ms4300,42,1660,Ms4300/42/76/11,17 juillet 1671,1671-07-17,2,256 x 175,,papier,manuscrit,memoire,349,Pièces relatives a la seigrie de Châteauneuf [...] du marquis de Chambret,Châteauneuf | Chambret,"""[Pontac de Haut-Brion], premier président [Arnaud de] | [Pierrebuffière] de Chamberet, [de Montroux Anne Jeanne de] | La Grange, [?] de""",Chamberet,1,1,1,2,1,0,1,0,2,2,0,0,0,,,,
Ms4300,42,1660,Ms4300/42/76/12,9 avril 1674,1674-04-09,2,253 x 181,,papier,manuscrit,memoire,349,Pièces relatives a la seigrie de Châteauneuf [...] du marquis de Chambret,Châteauneuf | Chambret,"""Pierrebuffière [de Chamberet, marquis] Henri de | [Pierrebuffière de Chamberet, de Montroux Anne Jeanne de] | [Castelnau, de Pierrebuffière] de Thurin [Marie de] | [Pons, de Pierrebuffière Anne de] | [Pierrebuffière], de La Baume[-Forsac Anne de] | Pierrebuffière, François de | [Lanoaille], juge de Chamberet [François] | La Grange, [?] de""",Chamberet | Limousin,1,1,1,3,1,0,1,0,2,2,0,0,0,,,,
Ms4300,42,1660,Ms4300/42/76/13,17 juillet 1671,1671-07-17,1,306 x 203,copie du document Ms4300/42/76/11,papier,manuscrit,memoire,349,Pièces relatives a la seigrie de Châteauneuf [...] du marquis de Chambret,Châteauneuf | Chambret,"""[Pontac de Haut-Brion], premier président [Arnaud de] | [Pierrebuffière] de Chamberet, [de Montroux Anne Jeanne de] | La Grange, [?] de""",Chamberet,1,2,1,2,1,0,2,1,3,1,0,0,0,,,,
Ms4300,42,1660,Ms4300/42/76/14,5 octobre 1658,1600-1699,2,250 x 183,,papier,manuscrit,memoire,349,Pièces relatives a la seigrie de Châteauneuf [...] du marquis de Chambret,Châteauneuf | Chambret,"""[La Biche] de Reignefort, [Matthieu de] | [Pierrebuffière] de Chamberet, [marquis Henri de] | Soefue, [conseiller Claude] | [Pontac de Haut-Brion], premier président [Arnaud de]""",Chamberet | Paris,0,1,0,2,1,0,1,0,3,2,0,0,0,,,,
Ms4300,42,1660,Ms4300/42/76/15,1639,1600-1699,10,250 x 172,,papier,manuscrit,inventaire,349,Pièces relatives a la seigrie de Châteauneuf [...] du marquis de Chambret,Châteauneuf | Chambret,[...],Chamberet,1,3,1,2,1,0,2,2,2,2,2,0,0,,,,
Ms4300,42,1660,Ms4300/42/76/16,17 aoust 1664,1664-08-17,4,318 x 211,,papier,manuscrit,memoire,349,Pièces relatives a la seigrie de Châteauneuf [...] du marquis de Chambret,Châteauneuf | Chambret,"""Pontac [de Haut-Brion], premier président Arnaud de | La Baume-Forsac, François de""",Limoges,1,2,1,3,1,0,2,0,2,2,0,0,0,,,,
Ms4300,42,1660,Ms4300/42/76/17,XVII siècle,1600-1699,1,306 x 196,,papier,manuscrit,contrat,349,Pièces relatives a la seigrie de Châteauneuf [...] du marquis de Chambret,Châteauneuf | Chambret,"""Pontac [de Haut-Brion], premier président Arnaud de | Rouffignac, [Jacques] de | [Pierrebuffière] de Chamberet, marquis [Henri de] | [Pierrebuffière, de Pierrebuffière marquise Françoise de]""",Chamberet | Châteauneuf-la-Forêt,1,1,0,2,1,0,1,1,1,2,0,0,0,,,,
Ms4300,42,1660,Ms4300/42/76/18,27 may 1661,1661-05-27,2,290 x 196,,papier,manuscrit,contrat,349,Pièces relatives a la seigrie de Châteauneuf [...] du marquis de Chambret,Châteauneuf | Chambret,"""Sapientis, Leonard | Pontac [de Haut-Brion], premier président Arnaud de | Rouffignac, Jacques de | [Pierrebuffière] de Chamberet, marquis [Henri de] | [Pierrebuffière, de Pierrebuffière marquise Françoise de] | [Pierrebuffière] de Chamberet, marquis [Jean de]""",Chamberet | Châteauneuf-la-Forêt | Bordeaux | Paris,1,2,1,3,1,0,1,2,3,2,0,0,0,,,,
Ms4300,42,1660,Ms4300/42/76/19,14 may 1661,1661-05-14,2,252 x 180,,papier,manuscrit,acte notarié,349,Pièces relatives a la seigrie de Châteauneuf [...] du marquis de Chambret,Châteauneuf | Chambret,"""Pontac [de Haut-Brion], premier président Arnaud de | Rouffignac, Jacques de | [Pierrebuffière] de Chamberet, marquis [Henri de] | [Pierrebuffière, de Pierrebuffière marquise Françoise de] | [Pierrebuffière] de Chamberet, marquis [Jean de]""",Bordeaux | paroisse Saint-Remi (Bordeaux) | Chamberet | Châteauneuf-la-Forêt,1,1,1,3,1,0,1,1,1,2,0,0,0,,,,
Ms4300,42,1660,Ms4300/42/76/20,25 juin 1662,1662-06-25,12,254 x 185,,papier,manuscrit,contrat,349,Pièces relatives a la seigrie de Châteauneuf [...] du marquis de Chambret,Châteauneuf | Chambret,"""Castelnau, [de Pierrebuffière] de Thurin Marie de | Thurin de Ceton, marquis Philbert de | Pierrebuffière de Chamberet, marquis Jean de | Lanoaille, juge de Chamberet François | Pierrebuffière de Chamberet, marquis Henri de | Pierrebuffière, de Pierrebuffière marquise Françoise de""",Chamberet | Limousin | Châteauneuf-la-Forêt | rue Saint-Jacques (Paris),1,1,1,3,1,0,1,0,3,3,0,0,0,,,x,x
Ms4300,42,1660,Ms4300/42/76/21,13 may 1628,1628-05-13,2,305 x 185,,papier,manuscrit,memoire,349,Pièces relatives a la seigrie de Châteauneuf [...] du marquis de Chambret,Châteauneuf | Chambret,"""[M...], Jean | [M...], Anne [Philippe Dominique] | [M...], Pierre""",null,1,2,1,2,2,0,2,1,3,3,0,0,0,,,,
Ms4300,42,1660,Ms4300/42/76/22,19 mars 1650,1650-03-19,2,307 x 182,,papier,manuscrit,memoire,349,Pièces relatives a la seigrie de Châteauneuf [...] du marquis de Chambret,Châteauneuf | Chambret,"""[M...], Catherine""",Châteauneuf-la-Fôret,3,3,1,2,2,1,2,1,3,3,0,0,0,,,x,
Ms4300,42,1660,Ms4300/42/76/23,XXIIII mars 1646,1646-03-24,2,296 x 205,,papier,manuscrit,acte judiciaire,349,Pièces relatives a la seigrie de Châteauneuf [...] du marquis de Chambret,Châteauneuf | Chambret,"""Caumont, Pierre de | Favas, de Caumont de Bassabat Jeanne de | Pierrebuffière de Chamberet, marquis Henri de | Pierrebuffière, [de Pierrebuffière de Ferrières] Marguerite de | [Pontac de Haut-Brion], premier président [Arnaud de]""",Chamberet,1,2,1,2,2,0,2,3,2,0,0,0,0,,,,
Ms4300,42,1660,Ms4300/42/76/24,second de juillet 1645,1645-07-02,1,326 x 224,,papier,manuscrit,acte judiciaire,349,Pièces relatives a la seigrie de Châteauneuf [...] du marquis de Chambret,Châteauneuf | Chambret,"""Caumont, Pierre de | Pierrebuffière de Chamberet, marquis Henri de""",Châteauneuf-la-Fôret | Limoges,3,2,3,2,3,0,2,1,2,3,0,0,0,,,,
Ms4300,42,1660,Ms4300/42/76/25,12e apvril 1645,1645-04-12,2,259 x 200,,papier,manuscrit,acte notarié,349,Pièces relatives a la seigrie de Châteauneuf [...] du marquis de Chambret,Châteauneuf | Chambret,"""Pontac [de Haut-Brion], premier président Arnaud de | [Pierrebuffière] de Chamberet, marquis [Henri de] | [Pierrebuffière, de Pierrebuffière marquise Françoise de]""",Bordeaux | paroisse Saint-Remi (Bordeaux) | Guyenne | Châteauneuf-la-Fôret,1,2,1,3,1,0,1,1,2,1,0,0,0,,,,
Ms4300,42,1660,Ms4300/42/76/26,23 9bre 1651,1651-11-23,2,209 x 159,,papier,manuscrit,acte judiciaire,349,Pièces relatives a la seigrie de Châteauneuf [...] du marquis de Chambret,Châteauneuf | Chambret,[...],null,1,2,1,3,1,0,1,0,1,2,0,0,1,,,,
Ms4300,42,1660,Ms4300/42/76/27,26 avril 1663,1663-04-26,2,316 x 218,,papier,manuscrit,inventaire,349,Pièces relatives a la seigrie de Châteauneuf [...] du marquis de Chambret,Châteauneuf | Chambret,"""[Pierrebuffière, de Pierrebuffière marquise Françoise de] | La Baume-Forsac, François de""",Chamberet,1,2,1,2,1,0,2,0,1,3,0,0,0,,,,
Ms4300,42,1660,Ms4300/42/76/28,26 juillet 1660,1660-07-26,2,253 x 179,,papier,manuscrit,memoire,349,Pièces relatives a la seigrie de Châteauneuf [...] du marquis de Chambret,Châteauneuf | Chambret,"""Chavaille, conseiller Jacques de | Soefue, conseiller Claude | La BIche de Reignefort, Pierre de | Lanoaille, juge de Chamberet François""",Limoges | Uzerche,1,2,1,3,1,0,1,0,2,1,0,0,0,,,,
Ms4300,42,1660,Ms4300/42/76/29/1,1663 10 janvr,1663-01-10,2,283 x 191,,papier,manuscrit,quittance,349,Pièces relatives a la seigrie de Châteauneuf [...] du marquis de Chambret,Châteauneuf | Chambret,"""[Castelnau, de Pierrebuffière] de Thurin [Marie de] | Thurin de Ceton, marquis Philbert de | Pierrebuffière de Chamberet, marquis Jean de""",Chamberet | Paris,1,2,3,3,1,0,1,3,3,3,2,0,0,,,,
Ms4300,42,1660,Ms4300/42/76/29/2,XVII siècle,1600-1699,1,250 x 181,,papier,manuscrit,memoire,349,Pièces relatives a la seigrie de Châteauneuf [...] du marquis de Chambret,Châteauneuf | Chambret,"""Pierrebuffière de Chamberet, marquis Jean de | [Castelnau, de Pierrebuffière] de Thurin [Marie de] | [Pierrebuffière, de Pierrebuffière marquise Françoise de] | Pontac [de Haut-Brion], premier président Arnaud de""",Chamberet | Paris,1,2,1,2,1,0,1,1,2,2,2,0,0,,,,
Ms4300,42,1660,Ms4300/42/76/30,mars 1663,1663-03,1,250 x 183,,papier,manuscrit,memoire,349,Pièces relatives a la seigrie de Châteauneuf [...] du marquis de Chambret,Châteauneuf | Chambret,"""[Pierrebuffière] de Chamberet, [de Montroux Anne Jeanne de] | [Pontac de Haut-Brion], premier président [Arnaud de] | Rouffignac, Jacques de""",Chamberet,1,2,1,2,1,0,1,0,2,3,2,0,0,,,,
Ms4300,42,1660,Ms4300/42/76/31,1663 22 7bre,1663-09-22,2,291 x 193,,papier,manuscrit,acte judiciaire,349,Pièces relatives a la seigrie de Châteauneuf [...] du marquis de Chambret,Châteauneuf | Chambret,"""Castelnau, [de Pierrebuffière] de Thurin [Marie de] | Thurin [de Ceton, marquis Philbert de] | Pierrebuffière de Chamberet, marquis [Henri de]""",Châteauneuf-la-Fôret | Paris | Chamberet,2,2,2,3,3,0,2,2,2,0,0,0,1,,,,
Ms4300,42,1660,Ms4300/42/76/32,1663 22 7bre,1663-09-22,4,253 x 182,,papier,manuscrit,acte judiciaire,349,Pièces relatives a la seigrie de Châteauneuf [...] du marquis de Chambret,Châteauneuf | Chambret,"""Castelnau, [de Pierrebuffière] de Thurin Marie de | Thurin [de Ceton, marquis] Philbert de | Pierrebuffière de Chamberet, [marquis Henri de] | [Pierrebuffière, de Pierrebuffière marquise Françoise de]""",Chamberet | Libourne | Paris,1,2,0,3,1,0,1,0,2,1,2,0,1,,,,
Ms4300,42,1660,Ms4300/42/76/33,1663 22 8bre,1663-10-22,3,251 x 184,copie du document Ms4300/42/76/32,papier,manuscrit,acte judiciaire,349,Pièces relatives a la seigrie de Châteauneuf [...] du marquis de Chambret,Châteauneuf | Chambret,"""Castelnau, [de Pierrebuffière] de Thurin Marie de | Thurin [de Ceton, marquis] Philbert de | Pierrebuffière de Chamberet, [marquis Henri de] | [Pierrebuffière, de Pierrebuffière marquise Françoise de]""",Chamberet | Libourne | Paris,0,2,1,2,1,0,1,0,2,2,0,0,1,,,,
Ms4300,42,1660,Ms4300/42/76/34,1665 22 aout,1665-08-22,1,322 x 207,,papier,manuscrit,contrat,349,Pièces relatives a la seigrie de Châteauneuf [...] du marquis de Chambret,Châteauneuf | Chambret,"""[Pierrebuffière, de Pierrebuffière marquise Françoise de] | Castelnau, [de Pierrebuffière] de Thurin Marie de | Thurin [de Ceton, marquis] Philbert de""",Limoges | Chamberet,1,3,1,2,0,0,2,1,3,1,0,0,0,,,,
Ms4300,42,1660,Ms4300/42/76/35/1,1672 20 juin,1672-06-20,2,305 x 196,,papier,manuscrit,memoire,349,Pièces relatives a la seigrie de Châteauneuf [...] du marquis de Chambret,Châteauneuf | Chambret,"""Pierrebuffière de Chamberet, [marquis Henri de] | [Pierrebuffière, de Pierrebuffière marquise Françoise de] | Pontac [de Haut-Brion], p[remier] p[résident Arnaud de]""",Châteauneuf-la-Fôret | Chamberet,1,2,1,3,2,0,1,0,2,1,0,0,0,,,,
Ms4300,42,1660,Ms4300/42/76/35/2,1675 6 9bre,1675-11-06,1,256 x 181,,papier,manuscrit,lettre,349,Pièces relatives a la seigrie de Châteauneuf [...] du marquis de Chambret,Châteauneuf | Chambret,"""[Pierrebuffière de Chamberet, de Montroux Anne Jeanne de]""",Chamberet,0,0,0,2,1,0,0,1,1,1,0,0,0,,,,
Ms4300,42,1660,Ms4300/42/77,1660?,1660,2,314 x 216,,papier,manuscrit,requête,349,Requête contre Fse de Châteuneuf [...] du marquis de Chambret,Châteauneuf | Chambret,"""Pierrebuffière de Chamberet, marquis Henri de | [Pierrebuffière, de Pierrebuffière marquise Françoise de] | [Caumont, Pierre de] | Favas, [de Caumont de Bassabat Jeanne de]""",Guyenne | Chamberet | Châteauneuf-la-Fôret | Paris,1,1,1,3,1,0,2,0,3,3,0,0,0,,,,
Ms4300,42,1660,Ms4300/42/78,vers 1660,1660,10,256 x 178,,papier,manuscrit,acte notarié,350,"""Reconn. par Guillme Delpech comme tuteur des enfants de Jean du Bosc à Jean Le Comte, du [Bord...] de La [clar...] à Cénac""",du Bosc | Cénac | Le Comte,"""Delpech, advocat Guillaume | [Bos...], Jean du | Le Comte de La Tresne, [premier président Jean-Baptiste] | [...]""",Guyenne | Bordeaux,3,2,2,2,3,0,2,1,2,3,2,0,0,,,,
Ms4300,42,1660,Ms4300/42/79/1,XIX siècle,1800-1899,2,224 x 175,chemise du XIX siècle en protéction du document Ms4300/42/79/2,papier,manuscrit,document d'archive,null,null,null,[...],null,0,0,0,0,1,0,1,0,1,0,0,0,0,,,,
Ms4300,42,1660,Ms4300/42/79/2,1660?,1660,2,171 x 126,,papier,manuscrit,lettre,null,null,null,"""[Pontac de Haut-Brion], p[remier] p[résident Arnaud de] | Aulède [de Lestonnac, conseiller Pierre] d'""","""Aides, cour de""",2,2,0,2,1,0,2,1,2,0,0,0,0,,,,
